date,store,item,sales
2023-07-07,1,1,13
2023-07-08,1,1,11
2023-07-09,1,1,14
2023-07-10,1,1,13
2023-07-11,1,1,10
2023-07-12,1,1,12
2023-07-13,1,1,10
2023-07-14,1,1,9
2023-07-15,1,1,12
2023-07-16,1,1,9
2023-07-17,1,1,9
2023-07-18,1,1,7
2023-07-19,1,1,10
2023-07-20,1,1,12
2023-07-21,1,1,5
2023-07-22,1,1,7
2023-07-23,1,1,16
2023-07-24,1,1,7
2023-07-25,1,1,18
2023-07-26,1,1,15
2023-07-27,1,1,8
2023-07-28,1,1,7
2023-07-29,1,1,9
2023-07-30,1,1,8
2023-07-31,1,1,14
2023-08-01,1,1,12
2023-08-02,1,1,12
2023-08-03,1,1,11
2023-08-04,1,1,6
2023-08-05,1,1,9
2023-08-06,1,1,13
2023-08-07,1,1,11
2023-08-08,1,1,21
2023-08-09,1,1,15
2023-08-10,1,1,14
2023-08-11,1,1,9
2023-08-12,1,1,10
2023-08-13,1,1,13
2023-08-14,1,1,11
2023-08-15,1,1,14
2023-08-16,1,1,11
2023-08-17,1,1,16
2023-08-18,1,1,11
2023-08-19,1,1,14
2023-08-20,1,1,10
2023-08-21,1,1,11
2023-08-22,1,1,7
2023-08-23,1,1,11
2023-08-24,1,1,10
2023-08-25,1,1,10
2023-08-26,1,1,7
2023-08-27,1,1,13
2023-08-28,1,1,12
2023-08-29,1,1,15
2023-08-30,1,1,11
2023-08-31,1,1,7
2023-09-01,1,1,9
2023-09-02,1,1,9
2023-09-03,1,1,10
2023-09-04,1,1,15
2023-09-05,1,1,13
2023-09-06,1,1,20
2023-09-07,1,1,14
2023-09-08,1,1,13
2023-09-09,1,1,17
2023-09-10,1,1,11
2023-09-11,1,1,15
2023-09-12,1,1,16
2023-09-13,1,1,11
2023-09-14,1,1,18
2023-09-15,1,1,14
2023-09-16,1,1,13
2023-09-17,1,1,10
2023-09-18,1,1,14
2023-09-19,1,1,10
2023-09-20,1,1,22
2023-09-21,1,1,11
2023-09-22,1,1,19
2023-09-23,1,1,14
2023-09-24,1,1,17
2023-09-25,1,1,21
2023-09-26,1,1,21
2023-09-27,1,1,19
2023-09-28,1,1,13
2023-09-29,1,1,16
2023-09-30,1,1,11
2023-10-01,1,1,13
2023-10-02,1,1,17
2023-10-03,1,1,19
2023-10-04,1,1,20
2023-07-07,1,2,11
2023-07-08,1,2,19
2023-07-09,1,2,24
2023-07-10,1,2,18
2023-07-11,1,2,19
2023-07-12,1,2,23
2023-07-13,1,2,17
2023-07-14,1,2,19
2023-07-15,1,2,13
2023-07-16,1,2,19
2023-07-17,1,2,16
2023-07-18,1,2,18
2023-07-19,1,2,17
2023-07-20,1,2,26
2023-07-21,1,2,14
2023-07-22,1,2,9
2023-07-23,1,2,17
2023-07-24,1,2,21
2023-07-25,1,2,22
2023-07-26,1,2,22
2023-07-27,1,2,20
2023-07-28,1,2,13
2023-07-29,1,2,11
2023-07-30,1,2,13
2023-07-31,1,2,14
2023-08-01,1,2,20
2023-08-02,1,2,22
2023-08-03,1,2,19
2023-08-04,1,2,11
2023-08-05,1,2,15
2023-08-06,1,2,16
2023-08-07,1,2,23
2023-08-08,1,2,22
2023-08-09,1,2,20
2023-08-10,1,2,14
2023-08-11,1,2,14
2023-08-12,1,2,15
2023-08-13,1,2,14
2023-08-14,1,2,11
2023-08-15,1,2,16
2023-08-16,1,2,19
2023-08-17,1,2,13
2023-08-18,1,2,9
2023-08-19,1,2,13
2023-08-20,1,2,16
2023-08-21,1,2,15
2023-08-22,1,2,16
2023-08-23,1,2,20
2023-08-24,1,2,19
2023-08-25,1,2,14
2023-08-26,1,2,24
2023-08-27,1,2,23
2023-08-28,1,2,14
2023-08-29,1,2,24
2023-08-30,1,2,25
2023-08-31,1,2,27
2023-09-01,1,2,7
2023-09-02,1,2,12
2023-09-03,1,2,10
2023-09-04,1,2,19
2023-09-05,1,2,27
2023-09-06,1,2,26
2023-09-07,1,2,22
2023-09-08,1,2,12
2023-09-09,1,2,15
2023-09-10,1,2,24
2023-09-11,1,2,9
2023-09-12,1,2,21
2023-09-13,1,2,20
2023-09-14,1,2,38
2023-09-15,1,2,20
2023-09-16,1,2,18
2023-09-17,1,2,22
2023-09-18,1,2,21
2023-09-19,1,2,22
2023-09-20,1,2,26
2023-09-21,1,2,23
2023-09-22,1,2,13
2023-09-23,1,2,21
2023-09-24,1,2,18
2023-09-25,1,2,24
2023-09-26,1,2,19
2023-09-27,1,2,23
2023-09-28,1,2,24
2023-09-29,1,2,17
2023-09-30,1,2,21
2023-10-01,1,2,21
2023-10-02,1,2,26
2023-10-03,1,2,17
2023-10-04,1,2,20
2023-07-07,1,3,24
2023-07-08,1,3,23
2023-07-09,1,3,17
2023-07-10,1,3,12
2023-07-11,1,3,24
2023-07-12,1,3,17
2023-07-13,1,3,16
2023-07-14,1,3,34
2023-07-15,1,3,20
2023-07-16,1,3,23
2023-07-17,1,3,14
2023-07-18,1,3,25
2023-07-19,1,3,29
2023-07-20,1,3,22
2023-07-21,1,3,29
2023-07-22,1,3,18
2023-07-23,1,3,12
2023-07-24,1,3,16
2023-07-25,1,3,21
2023-07-26,1,3,25
2023-07-27,1,3,25
2023-07-28,1,3,26
2023-07-29,1,3,18
2023-07-30,1,3,17
2023-07-31,1,3,21
2023-08-01,1,3,21
2023-08-02,1,3,31
2023-08-03,1,3,19
2023-08-04,1,3,25
2023-08-05,1,3,8
2023-08-06,1,3,26
2023-08-07,1,3,27
2023-08-08,1,3,21
2023-08-09,1,3,19
2023-08-10,1,3,24
2023-08-11,1,3,26
2023-08-12,1,3,17
2023-08-13,1,3,10
2023-08-14,1,3,25
2023-08-15,1,3,20
2023-08-16,1,3,19
2023-08-17,1,3,22
2023-08-18,1,3,25
2023-08-19,1,3,10
2023-08-20,1,3,11
2023-08-21,1,3,19
2023-08-22,1,3,22
2023-08-23,1,3,15
2023-08-24,1,3,29
2023-08-25,1,3,27
2023-08-26,1,3,11
2023-08-27,1,3,15
2023-08-28,1,3,20
2023-08-29,1,3,20
2023-08-30,1,3,19
2023-08-31,1,3,19
2023-09-01,1,3,23
2023-09-02,1,3,11
2023-09-03,1,3,16
2023-09-04,1,3,20
2023-09-05,1,3,14
2023-09-06,1,3,20
2023-09-07,1,3,25
2023-09-08,1,3,25
2023-09-09,1,3,10
2023-09-10,1,3,16
2023-09-11,1,3,10
2023-09-12,1,3,16
2023-09-13,1,3,20
2023-09-14,1,3,20
2023-09-15,1,3,19
2023-09-16,1,3,15
2023-09-17,1,3,17
2023-09-18,1,3,26
2023-09-19,1,3,14
2023-09-20,1,3,16
2023-09-21,1,3,27
2023-09-22,1,3,14
2023-09-23,1,3,16
2023-09-24,1,3,20
2023-09-25,1,3,18
2023-09-26,1,3,16
2023-09-27,1,3,11
2023-09-28,1,3,13
2023-09-29,1,3,16
2023-09-30,1,3,18
2023-10-01,1,3,14
2023-10-02,1,3,17
2023-10-03,1,3,20
2023-10-04,1,3,22
2023-07-07,1,4,13
2023-07-08,1,4,20
2023-07-09,1,4,20
2023-07-10,1,4,12
2023-07-11,1,4,11
2023-07-12,1,4,14
2023-07-13,1,4,14
2023-07-14,1,4,14
2023-07-15,1,4,20
2023-07-16,1,4,13
2023-07-17,1,4,13
2023-07-18,1,4,14
2023-07-19,1,4,20
2023-07-20,1,4,17
2023-07-21,1,4,17
2023-07-22,1,4,20
2023-07-23,1,4,15
2023-07-24,1,4,15
2023-07-25,1,4,15
2023-07-26,1,4,10
2023-07-27,1,4,10
2023-07-28,1,4,18
2023-07-29,1,4,25
2023-07-30,1,4,13
2023-07-31,1,4,11
2023-08-01,1,4,16
2023-08-02,1,4,17
2023-08-03,1,4,18
2023-08-04,1,4,19
2023-08-05,1,4,14
2023-08-06,1,4,11
2023-08-07,1,4,17
2023-08-08,1,4,20
2023-08-09,1,4,21
2023-08-10,1,4,20
2023-08-11,1,4,24
2023-08-12,1,4,19
2023-08-13,1,4,12
2023-08-14,1,4,20
2023-08-15,1,4,16
2023-08-16,1,4,17
2023-08-17,1,4,22
2023-08-18,1,4,18
2023-08-19,1,4,23
2023-08-20,1,4,16
2023-08-21,1,4,20
2023-08-22,1,4,20
2023-08-23,1,4,9
2023-08-24,1,4,18
2023-08-25,1,4,13
2023-08-26,1,4,17
2023-08-27,1,4,17
2023-08-28,1,4,18
2023-08-29,1,4,17
2023-08-30,1,4,16
2023-08-31,1,4,17
2023-09-01,1,4,31
2023-09-02,1,4,20
2023-09-03,1,4,16
2023-09-04,1,4,25
2023-09-05,1,4,25
2023-09-06,1,4,17
2023-09-07,1,4,19
2023-09-08,1,4,30
2023-09-09,1,4,16
2023-09-10,1,4,8
2023-09-11,1,4,21
2023-09-12,1,4,6
2023-09-13,1,4,13
2023-09-14,1,4,15
2023-09-15,1,4,17
2023-09-16,1,4,17
2023-09-17,1,4,8
2023-09-18,1,4,14
2023-09-19,1,4,7
2023-09-20,1,4,5
2023-09-21,1,4,13
2023-09-22,1,4,16
2023-09-23,1,4,15
2023-09-24,1,4,15
2023-09-25,1,4,8
2023-09-26,1,4,18
2023-09-27,1,4,7
2023-09-28,1,4,13
2023-09-29,1,4,11
2023-09-30,1,4,9
2023-10-01,1,4,8
2023-10-02,1,4,17
2023-10-03,1,4,6
2023-10-04,1,4,16
2023-07-07,1,5,18
2023-07-08,1,5,17
2023-07-09,1,5,14
2023-07-10,1,5,5
2023-07-11,1,5,15
2023-07-12,1,5,9
2023-07-13,1,5,14
2023-07-14,1,5,11
2023-07-15,1,5,20
2023-07-16,1,5,17
2023-07-17,1,5,14
2023-07-18,1,5,11
2023-07-19,1,5,12
2023-07-20,1,5,17
2023-07-21,1,5,12
2023-07-22,1,5,17
2023-07-23,1,5,12
2023-07-24,1,5,12
2023-07-25,1,5,17
2023-07-26,1,5,17
2023-07-27,1,5,15
2023-07-28,1,5,18
2023-07-29,1,5,15
2023-07-30,1,5,12
2023-07-31,1,5,6
2023-08-01,1,5,7
2023-08-02,1,5,21
2023-08-03,1,5,18
2023-08-04,1,5,18
2023-08-05,1,5,21
2023-08-06,1,5,16
2023-08-07,1,5,8
2023-08-08,1,5,6
2023-08-09,1,5,13
2023-08-10,1,5,11
2023-08-11,1,5,18
2023-08-12,1,5,13
2023-08-13,1,5,16
2023-08-14,1,5,10
2023-08-15,1,5,9
2023-08-16,1,5,21
2023-08-17,1,5,17
2023-08-18,1,5,15
2023-08-19,1,5,15
2023-08-20,1,5,18
2023-08-21,1,5,10
2023-08-22,1,5,10
2023-08-23,1,5,9
2023-08-24,1,5,22
2023-08-25,1,5,20
2023-08-26,1,5,20
2023-08-27,1,5,13
2023-08-28,1,5,11
2023-08-29,1,5,11
2023-08-30,1,5,16
2023-08-31,1,5,19
2023-09-01,1,5,16
2023-09-02,1,5,17
2023-09-03,1,5,13
2023-09-04,1,5,7
2023-09-05,1,5,14
2023-09-06,1,5,17
2023-09-07,1,5,10
2023-09-08,1,5,16
2023-09-09,1,5,20
2023-09-10,1,5,15
2023-09-11,1,5,12
2023-09-12,1,5,11
2023-09-13,1,5,18
2023-09-14,1,5,19
2023-09-15,1,5,21
2023-09-16,1,5,14
2023-09-17,1,5,21
2023-09-18,1,5,13
2023-09-19,1,5,14
2023-09-20,1,5,24
2023-09-21,1,5,17
2023-09-22,1,5,16
2023-09-23,1,5,22
2023-09-24,1,5,31
2023-09-25,1,5,19
2023-09-26,1,5,17
2023-09-27,1,5,24
2023-09-28,1,5,21
2023-09-29,1,5,18
2023-09-30,1,5,20
2023-10-01,1,5,25
2023-10-02,1,5,4
2023-10-03,1,5,15
2023-10-04,1,5,17
2023-07-07,1,6,17
2023-07-08,1,6,16
2023-07-09,1,6,18
2023-07-10,1,6,15
2023-07-11,1,6,15
2023-07-12,1,6,19
2023-07-13,1,6,11
2023-07-14,1,6,16
2023-07-15,1,6,17
2023-07-16,1,6,21
2023-07-17,1,6,26
2023-07-18,1,6,19
2023-07-19,1,6,19
2023-07-20,1,6,20
2023-07-21,1,6,18
2023-07-22,1,6,23
2023-07-23,1,6,19
2023-07-24,1,6,22
2023-07-25,1,6,20
2023-07-26,1,6,22
2023-07-27,1,6,20
2023-07-28,1,6,18
2023-07-29,1,6,20
2023-07-30,1,6,22
2023-07-31,1,6,22
2023-08-01,1,6,17
2023-08-02,1,6,12
2023-08-03,1,6,16
2023-08-04,1,6,25
2023-08-05,1,6,22
2023-08-06,1,6,21
2023-08-07,1,6,20
2023-08-08,1,6,15
2023-08-09,1,6,18
2023-08-10,1,6,13
2023-08-11,1,6,22
2023-08-12,1,6,19
2023-08-13,1,6,22
2023-08-14,1,6,23
2023-08-15,1,6,21
2023-08-16,1,6,19
2023-08-17,1,6,21
2023-08-18,1,6,15
2023-08-19,1,6,18
2023-08-20,1,6,16
2023-08-21,1,6,27
2023-08-22,1,6,16
2023-08-23,1,6,22
2023-08-24,1,6,21
2023-08-25,1,6,22
2023-08-26,1,6,23
2023-08-27,1,6,18
2023-08-28,1,6,36
2023-08-29,1,6,12
2023-08-30,1,6,23
2023-08-31,1,6,16
2023-09-01,1,6,25
2023-09-02,1,6,28
2023-09-03,1,6,25
2023-09-04,1,6,20
2023-09-05,1,6,15
2023-09-06,1,6,13
2023-09-07,1,6,13
2023-09-08,1,6,20
2023-09-09,1,6,29
2023-09-10,1,6,31
2023-09-11,1,6,24
2023-09-12,1,6,16
2023-09-13,1,6,23
2023-09-14,1,6,20
2023-09-15,1,6,24
2023-09-16,1,6,23
2023-09-17,1,6,27
2023-09-18,1,6,29
2023-09-19,1,6,18
2023-09-20,1,6,14
2023-09-21,1,6,22
2023-09-22,1,6,22
2023-09-23,1,6,25
2023-09-24,1,6,29
2023-09-25,1,6,33
2023-09-26,1,6,25
2023-09-27,1,6,32
2023-09-28,1,6,20
2023-09-29,1,6,22
2023-09-30,1,6,19
2023-10-01,1,6,26
2023-10-02,1,6,37
2023-10-03,1,6,19
2023-10-04,1,6,24
2023-07-07,1,7,21
2023-07-08,1,7,18
2023-07-09,1,7,29
2023-07-10,1,7,34
2023-07-11,1,7,19
2023-07-12,1,7,16
2023-07-13,1,7,16
2023-07-14,1,7,24
2023-07-15,1,7,25
2023-07-16,1,7,28
2023-07-17,1,7,25
2023-07-18,1,7,34
2023-07-19,1,7,16
2023-07-20,1,7,25
2023-07-21,1,7,27
2023-07-22,1,7,23
2023-07-23,1,7,25
2023-07-24,1,7,22
2023-07-25,1,7,24
2023-07-26,1,7,21
2023-07-27,1,7,24
2023-07-28,1,7,17
2023-07-29,1,7,26
2023-07-30,1,7,25
2023-07-31,1,7,31
2023-08-01,1,7,26
2023-08-02,1,7,21
2023-08-03,1,7,30
2023-08-04,1,7,19
2023-08-05,1,7,26
2023-08-06,1,7,24
2023-08-07,1,7,29
2023-08-08,1,7,35
2023-08-09,1,7,11
2023-08-10,1,7,19
2023-08-11,1,7,25
2023-08-12,1,7,23
2023-08-13,1,7,12
2023-08-14,1,7,23
2023-08-15,1,7,27
2023-08-16,1,7,20
2023-08-17,1,7,19
2023-08-18,1,7,25
2023-08-19,1,7,21
2023-08-20,1,7,27
2023-08-21,1,7,27
2023-08-22,1,7,22
2023-08-23,1,7,22
2023-08-24,1,7,20
2023-08-25,1,7,11
2023-08-26,1,7,17
2023-08-27,1,7,21
2023-08-28,1,7,20
2023-08-29,1,7,31
2023-08-30,1,7,25
2023-08-31,1,7,15
2023-09-01,1,7,21
2023-09-02,1,7,20
2023-09-03,1,7,21
2023-09-04,1,7,26
2023-09-05,1,7,26
2023-09-06,1,7,12
2023-09-07,1,7,25
2023-09-08,1,7,21
2023-09-09,1,7,19
2023-09-10,1,7,17
2023-09-11,1,7,30
2023-09-12,1,7,28
2023-09-13,1,7,16
2023-09-14,1,7,15
2023-09-15,1,7,22
2023-09-16,1,7,26
2023-09-17,1,7,27
2023-09-18,1,7,21
2023-09-19,1,7,25
2023-09-20,1,7,12
2023-09-21,1,7,22
2023-09-22,1,7,16
2023-09-23,1,7,15
2023-09-24,1,7,25
2023-09-25,1,7,17
2023-09-26,1,7,26
2023-09-27,1,7,12
2023-09-28,1,7,15
2023-09-29,1,7,17
2023-09-30,1,7,18
2023-10-01,1,7,21
2023-10-02,1,7,21
2023-10-03,1,7,20
2023-10-04,1,7,15
2023-07-07,1,8,20
2023-07-08,1,8,14
2023-07-09,1,8,17
2023-07-10,1,8,23
2023-07-11,1,8,13
2023-07-12,1,8,22
2023-07-13,1,8,18
2023-07-14,1,8,15
2023-07-15,1,8,12
2023-07-16,1,8,15
2023-07-17,1,8,24
2023-07-18,1,8,27
2023-07-19,1,8,33
2023-07-20,1,8,9
2023-07-21,1,8,10
2023-07-22,1,8,25
2023-07-23,1,8,18
2023-07-24,1,8,19
2023-07-25,1,8,28
2023-07-26,1,8,29
2023-07-27,1,8,6
2023-07-28,1,8,20
2023-07-29,1,8,21
2023-07-30,1,8,17
2023-07-31,1,8,18
2023-08-01,1,8,22
2023-08-02,1,8,13
2023-08-03,1,8,8
2023-08-04,1,8,19
2023-08-05,1,8,14
2023-08-06,1,8,18
2023-08-07,1,8,17
2023-08-08,1,8,21
2023-08-09,1,8,22
2023-08-10,1,8,15
2023-08-11,1,8,12
2023-08-12,1,8,11
2023-08-13,1,8,12
2023-08-14,1,8,20
2023-08-15,1,8,17
2023-08-16,1,8,33
2023-08-17,1,8,16
2023-08-18,1,8,16
2023-08-19,1,8,15
2023-08-20,1,8,22
2023-08-21,1,8,22
2023-08-22,1,8,12
2023-08-23,1,8,28
2023-08-24,1,8,16
2023-08-25,1,8,12
2023-08-26,1,8,18
2023-08-27,1,8,18
2023-08-28,1,8,25
2023-08-29,1,8,24
2023-08-30,1,8,18
2023-08-31,1,8,17
2023-09-01,1,8,18
2023-09-02,1,8,19
2023-09-03,1,8,17
2023-09-04,1,8,28
2023-09-05,1,8,20
2023-09-06,1,8,29
2023-09-07,1,8,18
2023-09-08,1,8,19
2023-09-09,1,8,23
2023-09-10,1,8,23
2023-09-11,1,8,24
2023-09-12,1,8,28
2023-09-13,1,8,24
2023-09-14,1,8,10
2023-09-15,1,8,17
2023-09-16,1,8,9
2023-09-17,1,8,10
2023-09-18,1,8,14
2023-09-19,1,8,16
2023-09-20,1,8,11
2023-09-21,1,8,13
2023-09-22,1,8,13
2023-09-23,1,8,14
2023-09-24,1,8,12
2023-09-25,1,8,10
2023-09-26,1,8,16
2023-09-27,1,8,13
2023-09-28,1,8,14
2023-09-29,1,8,11
2023-09-30,1,8,15
2023-10-01,1,8,10
2023-10-02,1,8,11
2023-10-03,1,8,19
2023-10-04,1,8,18
2023-07-07,1,9,8
2023-07-08,1,9,13
2023-07-09,1,9,16
2023-07-10,1,9,20
2023-07-11,1,9,12
2023-07-12,1,9,15
2023-07-13,1,9,17
2023-07-14,1,9,9
2023-07-15,1,9,11
2023-07-16,1,9,12
2023-07-17,1,9,11
2023-07-18,1,9,19
2023-07-19,1,9,16
2023-07-20,1,9,14
2023-07-21,1,9,14
2023-07-22,1,9,9
2023-07-23,1,9,13
2023-07-24,1,9,18
2023-07-25,1,9,18
2023-07-26,1,9,17
2023-07-27,1,9,19
2023-07-28,1,9,9
2023-07-29,1,9,9
2023-07-30,1,9,15
2023-07-31,1,9,10
2023-08-01,1,9,15
2023-08-02,1,9,16
2023-08-03,1,9,15
2023-08-04,1,9,12
2023-08-05,1,9,12
2023-08-06,1,9,10
2023-08-07,1,9,8
2023-08-08,1,9,14
2023-08-09,1,9,20
2023-08-10,1,9,19
2023-08-11,1,9,12
2023-08-12,1,9,13
2023-08-13,1,9,13
2023-08-14,1,9,7
2023-08-15,1,9,12
2023-08-16,1,9,19
2023-08-17,1,9,17
2023-08-18,1,9,6
2023-08-19,1,9,10
2023-08-20,1,9,8
2023-08-21,1,9,18
2023-08-22,1,9,13
2023-08-23,1,9,13
2023-08-24,1,9,18
2023-08-25,1,9,12
2023-08-26,1,9,15
2023-08-27,1,9,19
2023-08-28,1,9,15
2023-08-29,1,9,13
2023-08-30,1,9,11
2023-08-31,1,9,18
2023-09-01,1,9,14
2023-09-02,1,9,16
2023-09-03,1,9,16
2023-09-04,1,9,11
2023-09-05,1,9,10
2023-09-06,1,9,19
2023-09-07,1,9,24
2023-09-08,1,9,9
2023-09-09,1,9,8
2023-09-10,1,9,13
2023-09-11,1,9,18
2023-09-12,1,9,17
2023-09-13,1,9,18
2023-09-14,1,9,18
2023-09-15,1,9,17
2023-09-16,1,9,14
2023-09-17,1,9,19
2023-09-18,1,9,10
2023-09-19,1,9,17
2023-09-20,1,9,16
2023-09-21,1,9,13
2023-09-22,1,9,13
2023-09-23,1,9,23
2023-09-24,1,9,21
2023-09-25,1,9,24
2023-09-26,1,9,25
2023-09-27,1,9,15
2023-09-28,1,9,20
2023-09-29,1,9,13
2023-09-30,1,9,15
2023-10-01,1,9,16
2023-10-02,1,9,17
2023-10-03,1,9,31
2023-10-04,1,9,25
2023-07-07,1,10,23
2023-07-08,1,10,16
2023-07-09,1,10,18
2023-07-10,1,10,13
2023-07-11,1,10,10
2023-07-12,1,10,16
2023-07-13,1,10,12
2023-07-14,1,10,25
2023-07-15,1,10,19
2023-07-16,1,10,18
2023-07-17,1,10,24
2023-07-18,1,10,20
2023-07-19,1,10,27
2023-07-20,1,10,26
2023-07-21,1,10,20
2023-07-22,1,10,20
2023-07-23,1,10,19
2023-07-24,1,10,17
2023-07-25,1,10,20
2023-07-26,1,10,24
2023-07-27,1,10,17
2023-07-28,1,10,21
2023-07-29,1,10,14
2023-07-30,1,10,26
2023-07-31,1,10,26
2023-08-01,1,10,20
2023-08-02,1,10,22
2023-08-03,1,10,23
2023-08-04,1,10,24
2023-08-05,1,10,17
2023-08-06,1,10,25
2023-08-07,1,10,19
2023-08-08,1,10,17
2023-08-09,1,10,11
2023-08-10,1,10,29
2023-08-11,1,10,30
2023-08-12,1,10,22
2023-08-13,1,10,27
2023-08-14,1,10,18
2023-08-15,1,10,27
2023-08-16,1,10,20
2023-08-17,1,10,22
2023-08-18,1,10,33
2023-08-19,1,10,14
2023-08-20,1,10,25
2023-08-21,1,10,13
2023-08-22,1,10,23
2023-08-23,1,10,22
2023-08-24,1,10,29
2023-08-25,1,10,29
2023-08-26,1,10,24
2023-08-27,1,10,21
2023-08-28,1,10,14
2023-08-29,1,10,17
2023-08-30,1,10,27
2023-08-31,1,10,31
2023-09-01,1,10,27
2023-09-02,1,10,11
2023-09-03,1,10,28
2023-09-04,1,10,17
2023-09-05,1,10,27
2023-09-06,1,10,22
2023-09-07,1,10,24
2023-09-08,1,10,27
2023-09-09,1,10,19
2023-09-10,1,10,19
2023-09-11,1,10,22
2023-09-12,1,10,23
2023-09-13,1,10,18
2023-09-14,1,10,36
2023-09-15,1,10,27
2023-09-16,1,10,23
2023-09-17,1,10,15
2023-09-18,1,10,23
2023-09-19,1,10,25
2023-09-20,1,10,18
2023-09-21,1,10,43
2023-09-22,1,10,22
2023-09-23,1,10,18
2023-09-24,1,10,19
2023-09-25,1,10,22
2023-09-26,1,10,29
2023-09-27,1,10,23
2023-09-28,1,10,28
2023-09-29,1,10,30
2023-09-30,1,10,19
2023-10-01,1,10,17
2023-10-02,1,10,28
2023-10-03,1,10,29
2023-10-04,1,10,20
2023-07-07,1,11,30
2023-07-08,1,11,34
2023-07-09,1,11,14
2023-07-10,1,11,27
2023-07-11,1,11,26
2023-07-12,1,11,21
2023-07-13,1,11,30
2023-07-14,1,11,31
2023-07-15,1,11,35
2023-07-16,1,11,26
2023-07-17,1,11,23
2023-07-18,1,11,21
2023-07-19,1,11,26
2023-07-20,1,11,30
2023-07-21,1,11,40
2023-07-22,1,11,30
2023-07-23,1,11,20
2023-07-24,1,11,24
2023-07-25,1,11,21
2023-07-26,1,11,33
2023-07-27,1,11,26
2023-07-28,1,11,30
2023-07-29,1,11,19
2023-07-30,1,11,22
2023-07-31,1,11,19
2023-08-01,1,11,20
2023-08-02,1,11,41
2023-08-03,1,11,31
2023-08-04,1,11,38
2023-08-05,1,11,38
2023-08-06,1,11,22
2023-08-07,1,11,29
2023-08-08,1,11,27
2023-08-09,1,11,17
2023-08-10,1,11,29
2023-08-11,1,11,34
2023-08-12,1,11,38
2023-08-13,1,11,13
2023-08-14,1,11,27
2023-08-15,1,11,26
2023-08-16,1,11,22
2023-08-17,1,11,29
2023-08-18,1,11,28
2023-08-19,1,11,19
2023-08-20,1,11,20
2023-08-21,1,11,26
2023-08-22,1,11,20
2023-08-23,1,11,25
2023-08-24,1,11,22
2023-08-25,1,11,19
2023-08-26,1,11,33
2023-08-27,1,11,14
2023-08-28,1,11,16
2023-08-29,1,11,24
2023-08-30,1,11,25
2023-08-31,1,11,23
2023-09-01,1,11,26
2023-09-02,1,11,27
2023-09-03,1,11,14
2023-09-04,1,11,18
2023-09-05,1,11,24
2023-09-06,1,11,17
2023-09-07,1,11,29
2023-09-08,1,11,22
2023-09-09,1,11,19
2023-09-10,1,11,19
2023-09-11,1,11,22
2023-09-12,1,11,26
2023-09-13,1,11,23
2023-09-14,1,11,25
2023-09-15,1,11,36
2023-09-16,1,11,25
2023-09-17,1,11,20
2023-09-18,1,11,27
2023-09-19,1,11,22
2023-09-20,1,11,16
2023-09-21,1,11,16
2023-09-22,1,11,34
2023-09-23,1,11,25
2023-09-24,1,11,17
2023-09-25,1,11,25
2023-09-26,1,11,13
2023-09-27,1,11,25
2023-09-28,1,11,28
2023-09-29,1,11,24
2023-09-30,1,11,28
2023-10-01,1,11,22
2023-10-02,1,11,21
2023-10-03,1,11,23
2023-10-04,1,11,19
2023-07-07,1,12,16
2023-07-08,1,12,40
2023-07-09,1,12,28
2023-07-10,1,12,18
2023-07-11,1,12,20
2023-07-12,1,12,22
2023-07-13,1,12,28
2023-07-14,1,12,20
2023-07-15,1,12,20
2023-07-16,1,12,32
2023-07-17,1,12,15
2023-07-18,1,12,19
2023-07-19,1,12,15
2023-07-20,1,12,25
2023-07-21,1,12,12
2023-07-22,1,12,20
2023-07-23,1,12,22
2023-07-24,1,12,13
2023-07-25,1,12,14
2023-07-26,1,12,19
2023-07-27,1,12,21
2023-07-28,1,12,27
2023-07-29,1,12,22
2023-07-30,1,12,25
2023-07-31,1,12,12
2023-08-01,1,12,24
2023-08-02,1,12,26
2023-08-03,1,12,19
2023-08-04,1,12,23
2023-08-05,1,12,22
2023-08-06,1,12,25
2023-08-07,1,12,19
2023-08-08,1,12,21
2023-08-09,1,12,24
2023-08-10,1,12,17
2023-08-11,1,12,28
2023-08-12,1,12,24
2023-08-13,1,12,33
2023-08-14,1,12,18
2023-08-15,1,12,18
2023-08-16,1,12,8
2023-08-17,1,12,17
2023-08-18,1,12,19
2023-08-19,1,12,30
2023-08-20,1,12,26
2023-08-21,1,12,16
2023-08-22,1,12,25
2023-08-23,1,12,26
2023-08-24,1,12,21
2023-08-25,1,12,24
2023-08-26,1,12,25
2023-08-27,1,12,25
2023-08-28,1,12,16
2023-08-29,1,12,15
2023-08-30,1,12,24
2023-08-31,1,12,19
2023-09-01,1,12,21
2023-09-02,1,12,37
2023-09-03,1,12,31
2023-09-04,1,12,14
2023-09-05,1,12,19
2023-09-06,1,12,30
2023-09-07,1,12,26
2023-09-08,1,12,27
2023-09-09,1,12,22
2023-09-10,1,12,30
2023-09-11,1,12,21
2023-09-12,1,12,20
2023-09-13,1,12,16
2023-09-14,1,12,19
2023-09-15,1,12,33
2023-09-16,1,12,24
2023-09-17,1,12,27
2023-09-18,1,12,5
2023-09-19,1,12,13
2023-09-20,1,12,12
2023-09-21,1,12,14
2023-09-22,1,12,29
2023-09-23,1,12,12
2023-09-24,1,12,14
2023-09-25,1,12,14
2023-09-26,1,12,13
2023-09-27,1,12,18
2023-09-28,1,12,14
2023-09-29,1,12,21
2023-09-30,1,12,23
2023-10-01,1,12,14
2023-10-02,1,12,10
2023-10-03,1,12,12
2023-10-04,1,12,19
2023-07-07,1,13,9
2023-07-08,1,13,19
2023-07-09,1,13,21
2023-07-10,1,13,17
2023-07-11,1,13,10
2023-07-12,1,13,13
2023-07-13,1,13,14
2023-07-14,1,13,7
2023-07-15,1,13,19
2023-07-16,1,13,13
2023-07-17,1,13,17
2023-07-18,1,13,4
2023-07-19,1,13,12
2023-07-20,1,13,15
2023-07-21,1,13,18
2023-07-22,1,13,21
2023-07-23,1,13,13
2023-07-24,1,13,12
2023-07-25,1,13,12
2023-07-26,1,13,12
2023-07-27,1,13,16
2023-07-28,1,13,12
2023-07-29,1,13,12
2023-07-30,1,13,16
2023-07-31,1,13,26
2023-08-01,1,13,7
2023-08-02,1,13,13
2023-08-03,1,13,9
2023-08-04,1,13,18
2023-08-05,1,13,13
2023-08-06,1,13,8
2023-08-07,1,13,13
2023-08-08,1,13,7
2023-08-09,1,13,17
2023-08-10,1,13,13
2023-08-11,1,13,12
2023-08-12,1,13,15
2023-08-13,1,13,23
2023-08-14,1,13,21
2023-08-15,1,13,15
2023-08-16,1,13,18
2023-08-17,1,13,14
2023-08-18,1,13,17
2023-08-19,1,13,16
2023-08-20,1,13,14
2023-08-21,1,13,14
2023-08-22,1,13,16
2023-08-23,1,13,16
2023-08-24,1,13,19
2023-08-25,1,13,9
2023-08-26,1,13,14
2023-08-27,1,13,14
2023-08-28,1,13,18
2023-08-29,1,13,12
2023-08-30,1,13,14
2023-08-31,1,13,16
2023-09-01,1,13,14
2023-09-02,1,13,15
2023-09-03,1,13,10
2023-09-04,1,13,23
2023-09-05,1,13,8
2023-09-06,1,13,19
2023-09-07,1,13,29
2023-09-08,1,13,17
2023-09-09,1,13,18
2023-09-10,1,13,18
2023-09-11,1,13,21
2023-09-12,1,13,16
2023-09-13,1,13,16
2023-09-14,1,13,10
2023-09-15,1,13,12
2023-09-16,1,13,9
2023-09-17,1,13,21
2023-09-18,1,13,12
2023-09-19,1,13,14
2023-09-20,1,13,16
2023-09-21,1,13,17
2023-09-22,1,13,20
2023-09-23,1,13,17
2023-09-24,1,13,17
2023-09-25,1,13,22
2023-09-26,1,13,17
2023-09-27,1,13,9
2023-09-28,1,13,18
2023-09-29,1,13,15
2023-09-30,1,13,22
2023-10-01,1,13,17
2023-10-02,1,13,23
2023-10-03,1,13,13
2023-10-04,1,13,11
2023-07-07,1,14,23
2023-07-08,1,14,19
2023-07-09,1,14,21
2023-07-10,1,14,25
2023-07-11,1,14,25
2023-07-12,1,14,22
2023-07-13,1,14,17
2023-07-14,1,14,19
2023-07-15,1,14,18
2023-07-16,1,14,27
2023-07-17,1,14,22
2023-07-18,1,14,28
2023-07-19,1,14,16
2023-07-20,1,14,22
2023-07-21,1,14,14
2023-07-22,1,14,17
2023-07-23,1,14,32
2023-07-24,1,14,24
2023-07-25,1,14,29
2023-07-26,1,14,18
2023-07-27,1,14,20
2023-07-28,1,14,25
2023-07-29,1,14,18
2023-07-30,1,14,23
2023-07-31,1,14,22
2023-08-01,1,14,36
2023-08-02,1,14,18
2023-08-03,1,14,30
2023-08-04,1,14,24
2023-08-05,1,14,22
2023-08-06,1,14,23
2023-08-07,1,14,22
2023-08-08,1,14,18
2023-08-09,1,14,23
2023-08-10,1,14,23
2023-08-11,1,14,18
2023-08-12,1,14,20
2023-08-13,1,14,22
2023-08-14,1,14,23
2023-08-15,1,14,26
2023-08-16,1,14,15
2023-08-17,1,14,20
2023-08-18,1,14,19
2023-08-19,1,14,21
2023-08-20,1,14,30
2023-08-21,1,14,30
2023-08-22,1,14,30
2023-08-23,1,14,18
2023-08-24,1,14,29
2023-08-25,1,14,24
2023-08-26,1,14,17
2023-08-27,1,14,23
2023-08-28,1,14,23
2023-08-29,1,14,26
2023-08-30,1,14,18
2023-08-31,1,14,29
2023-09-01,1,14,21
2023-09-02,1,14,19
2023-09-03,1,14,26
2023-09-04,1,14,30
2023-09-05,1,14,39
2023-09-06,1,14,13
2023-09-07,1,14,25
2023-09-08,1,14,33
2023-09-09,1,14,26
2023-09-10,1,14,28
2023-09-11,1,14,35
2023-09-12,1,14,32
2023-09-13,1,14,22
2023-09-14,1,14,26
2023-09-15,1,14,29
2023-09-16,1,14,17
2023-09-17,1,14,26
2023-09-18,1,14,33
2023-09-19,1,14,29
2023-09-20,1,14,18
2023-09-21,1,14,18
2023-09-22,1,14,24
2023-09-23,1,14,25
2023-09-24,1,14,38
2023-09-25,1,14,28
2023-09-26,1,14,35
2023-09-27,1,14,23
2023-09-28,1,14,22
2023-09-29,1,14,22
2023-09-30,1,14,24
2023-10-01,1,14,34
2023-10-02,1,14,31
2023-10-03,1,14,22
2023-10-04,1,14,22
2023-07-07,1,15,25
2023-07-08,1,15,22
2023-07-09,1,15,30
2023-07-10,1,15,22
2023-07-11,1,15,27
2023-07-12,1,15,28
2023-07-13,1,15,15
2023-07-14,1,15,25
2023-07-15,1,15,25
2023-07-16,1,15,23
2023-07-17,1,15,31
2023-07-18,1,15,31
2023-07-19,1,15,32
2023-07-20,1,15,26
2023-07-21,1,15,28
2023-07-22,1,15,25
2023-07-23,1,15,25
2023-07-24,1,15,42
2023-07-25,1,15,32
2023-07-26,1,15,35
2023-07-27,1,15,18
2023-07-28,1,15,31
2023-07-29,1,15,22
2023-07-30,1,15,33
2023-07-31,1,15,34
2023-08-01,1,15,35
2023-08-02,1,15,28
2023-08-03,1,15,18
2023-08-04,1,15,27
2023-08-05,1,15,30
2023-08-06,1,15,22
2023-08-07,1,15,33
2023-08-08,1,15,34
2023-08-09,1,15,37
2023-08-10,1,15,24
2023-08-11,1,15,25
2023-08-12,1,15,22
2023-08-13,1,15,34
2023-08-14,1,15,26
2023-08-15,1,15,34
2023-08-16,1,15,25
2023-08-17,1,15,21
2023-08-18,1,15,24
2023-08-19,1,15,28
2023-08-20,1,15,30
2023-08-21,1,15,30
2023-08-22,1,15,38
2023-08-23,1,15,31
2023-08-24,1,15,21
2023-08-25,1,15,22
2023-08-26,1,15,28
2023-08-27,1,15,34
2023-08-28,1,15,24
2023-08-29,1,15,20
2023-08-30,1,15,31
2023-08-31,1,15,11
2023-09-01,1,15,26
2023-09-02,1,15,21
2023-09-03,1,15,23
2023-09-04,1,15,16
2023-09-05,1,15,27
2023-09-06,1,15,36
2023-09-07,1,15,24
2023-09-08,1,15,15
2023-09-09,1,15,25
2023-09-10,1,15,26
2023-09-11,1,15,29
2023-09-12,1,15,30
2023-09-13,1,15,22
2023-09-14,1,15,15
2023-09-15,1,15,24
2023-09-16,1,15,32
2023-09-17,1,15,17
2023-09-18,1,15,25
2023-09-19,1,15,24
2023-09-20,1,15,34
2023-09-21,1,15,14
2023-09-22,1,15,14
2023-09-23,1,15,17
2023-09-24,1,15,18
2023-09-25,1,15,20
2023-09-26,1,15,31
2023-09-27,1,15,25
2023-09-28,1,15,32
2023-09-29,1,15,28
2023-09-30,1,15,18
2023-10-01,1,15,28
2023-10-02,1,15,26
2023-10-03,1,15,25
2023-10-04,1,15,24
2023-07-07,1,16,24
2023-07-08,1,16,24
2023-07-09,1,16,19
2023-07-10,1,16,20
2023-07-11,1,16,19
2023-07-12,1,16,19
2023-07-13,1,16,27
2023-07-14,1,16,19
2023-07-15,1,16,23
2023-07-16,1,16,25
2023-07-17,1,16,25
2023-07-18,1,16,24
2023-07-19,1,16,26
2023-07-20,1,16,27
2023-07-21,1,16,17
2023-07-22,1,16,18
2023-07-23,1,16,27
2023-07-24,1,16,28
2023-07-25,1,16,23
2023-07-26,1,16,25
2023-07-27,1,16,26
2023-07-28,1,16,20
2023-07-29,1,16,28
2023-07-30,1,16,17
2023-07-31,1,16,22
2023-08-01,1,16,19
2023-08-02,1,16,24
2023-08-03,1,16,29
2023-08-04,1,16,18
2023-08-05,1,16,18
2023-08-06,1,16,16
2023-08-07,1,16,16
2023-08-08,1,16,32
2023-08-09,1,16,32
2023-08-10,1,16,26
2023-08-11,1,16,20
2023-08-12,1,16,21
2023-08-13,1,16,20
2023-08-14,1,16,30
2023-08-15,1,16,25
2023-08-16,1,16,26
2023-08-17,1,16,21
2023-08-18,1,16,16
2023-08-19,1,16,13
2023-08-20,1,16,16
2023-08-21,1,16,25
2023-08-22,1,16,18
2023-08-23,1,16,23
2023-08-24,1,16,33
2023-08-25,1,16,24
2023-08-26,1,16,22
2023-08-27,1,16,23
2023-08-28,1,16,23
2023-08-29,1,16,22
2023-08-30,1,16,29
2023-08-31,1,16,18
2023-09-01,1,16,17
2023-09-02,1,16,19
2023-09-03,1,16,22
2023-09-04,1,16,18
2023-09-05,1,16,26
2023-09-06,1,16,26
2023-09-07,1,16,36
2023-09-08,1,16,17
2023-09-09,1,16,22
2023-09-10,1,16,20
2023-09-11,1,16,19
2023-09-12,1,16,21
2023-09-13,1,16,36
2023-09-14,1,16,22
2023-09-15,1,16,14
2023-09-16,1,16,18
2023-09-17,1,16,20
2023-09-18,1,16,18
2023-09-19,1,16,26
2023-09-20,1,16,20
2023-09-21,1,16,20
2023-09-22,1,16,22
2023-09-23,1,16,27
2023-09-24,1,16,19
2023-09-25,1,16,13
2023-09-26,1,16,11
2023-09-27,1,16,19
2023-09-28,1,16,24
2023-09-29,1,16,13
2023-09-30,1,16,10
2023-10-01,1,16,17
2023-10-02,1,16,15
2023-10-03,1,16,7
2023-10-04,1,16,12
2023-07-07,1,17,20
2023-07-08,1,17,12
2023-07-09,1,17,23
2023-07-10,1,17,12
2023-07-11,1,17,10
2023-07-12,1,17,15
2023-07-13,1,17,19
2023-07-14,1,17,22
2023-07-15,1,17,17
2023-07-16,1,17,18
2023-07-17,1,17,12
2023-07-18,1,17,20
2023-07-19,1,17,21
2023-07-20,1,17,13
2023-07-21,1,17,20
2023-07-22,1,17,16
2023-07-23,1,17,10
2023-07-24,1,17,16
2023-07-25,1,17,21
2023-07-26,1,17,24
2023-07-27,1,17,14
2023-07-28,1,17,19
2023-07-29,1,17,15
2023-07-30,1,17,10
2023-07-31,1,17,16
2023-08-01,1,17,14
2023-08-02,1,17,24
2023-08-03,1,17,14
2023-08-04,1,17,20
2023-08-05,1,17,18
2023-08-06,1,17,11
2023-08-07,1,17,14
2023-08-08,1,17,17
2023-08-09,1,17,7
2023-08-10,1,17,16
2023-08-11,1,17,29
2023-08-12,1,17,15
2023-08-13,1,17,14
2023-08-14,1,17,10
2023-08-15,1,17,16
2023-08-16,1,17,22
2023-08-17,1,17,13
2023-08-18,1,17,21
2023-08-19,1,17,9
2023-08-20,1,17,18
2023-08-21,1,17,14
2023-08-22,1,17,13
2023-08-23,1,17,10
2023-08-24,1,17,16
2023-08-25,1,17,24
2023-08-26,1,17,9
2023-08-27,1,17,17
2023-08-28,1,17,15
2023-08-29,1,17,17
2023-08-30,1,17,24
2023-08-31,1,17,25
2023-09-01,1,17,25
2023-09-02,1,17,16
2023-09-03,1,17,12
2023-09-04,1,17,20
2023-09-05,1,17,16
2023-09-06,1,17,16
2023-09-07,1,17,18
2023-09-08,1,17,19
2023-09-09,1,17,11
2023-09-10,1,17,15
2023-09-11,1,17,22
2023-09-12,1,17,11
2023-09-13,1,17,17
2023-09-14,1,17,22
2023-09-15,1,17,18
2023-09-16,1,17,5
2023-09-17,1,17,14
2023-09-18,1,17,12
2023-09-19,1,17,26
2023-09-20,1,17,15
2023-09-21,1,17,16
2023-09-22,1,17,28
2023-09-23,1,17,12
2023-09-24,1,17,20
2023-09-25,1,17,16
2023-09-26,1,17,23
2023-09-27,1,17,22
2023-09-28,1,17,13
2023-09-29,1,17,25
2023-09-30,1,17,11
2023-10-01,1,17,14
2023-10-02,1,17,17
2023-10-03,1,17,16
2023-10-04,1,17,18
2023-07-07,1,18,15
2023-07-08,1,18,21
2023-07-09,1,18,14
2023-07-10,1,18,24
2023-07-11,1,18,22
2023-07-12,1,18,23
2023-07-13,1,18,17
2023-07-14,1,18,20
2023-07-15,1,18,25
2023-07-16,1,18,14
2023-07-17,1,18,13
2023-07-18,1,18,23
2023-07-19,1,18,18
2023-07-20,1,18,19
2023-07-21,1,18,20
2023-07-22,1,18,17
2023-07-23,1,18,21
2023-07-24,1,18,13
2023-07-25,1,18,12
2023-07-26,1,18,22
2023-07-27,1,18,13
2023-07-28,1,18,26
2023-07-29,1,18,21
2023-07-30,1,18,17
2023-07-31,1,18,22
2023-08-01,1,18,21
2023-08-02,1,18,25
2023-08-03,1,18,25
2023-08-04,1,18,23
2023-08-05,1,18,20
2023-08-06,1,18,19
2023-08-07,1,18,21
2023-08-08,1,18,17
2023-08-09,1,18,25
2023-08-10,1,18,15
2023-08-11,1,18,20
2023-08-12,1,18,32
2023-08-13,1,18,13
2023-08-14,1,18,21
2023-08-15,1,18,19
2023-08-16,1,18,26
2023-08-17,1,18,27
2023-08-18,1,18,19
2023-08-19,1,18,22
2023-08-20,1,18,17
2023-08-21,1,18,26
2023-08-22,1,18,22
2023-08-23,1,18,26
2023-08-24,1,18,25
2023-08-25,1,18,32
2023-08-26,1,18,33
2023-08-27,1,18,15
2023-08-28,1,18,21
2023-08-29,1,18,29
2023-08-30,1,18,19
2023-08-31,1,18,28
2023-09-01,1,18,34
2023-09-02,1,18,31
2023-09-03,1,18,24
2023-09-04,1,18,32
2023-09-05,1,18,17
2023-09-06,1,18,18
2023-09-07,1,18,26
2023-09-08,1,18,25
2023-09-09,1,18,32
2023-09-10,1,18,17
2023-09-11,1,18,24
2023-09-12,1,18,16
2023-09-13,1,18,32
2023-09-14,1,18,35
2023-09-15,1,18,34
2023-09-16,1,18,25
2023-09-17,1,18,20
2023-09-18,1,18,15
2023-09-19,1,18,30
2023-09-20,1,18,22
2023-09-21,1,18,24
2023-09-22,1,18,35
2023-09-23,1,18,33
2023-09-24,1,18,23
2023-09-25,1,18,17
2023-09-26,1,18,20
2023-09-27,1,18,29
2023-09-28,1,18,25
2023-09-29,1,18,36
2023-09-30,1,18,27
2023-10-01,1,18,22
2023-10-02,1,18,22
2023-10-03,1,18,29
2023-10-04,1,18,26
2023-07-07,1,19,16
2023-07-08,1,19,41
2023-07-09,1,19,28
2023-07-10,1,19,23
2023-07-11,1,19,26
2023-07-12,1,19,32
2023-07-13,1,19,30
2023-07-14,1,19,26
2023-07-15,1,19,31
2023-07-16,1,19,38
2023-07-17,1,19,30
2023-07-18,1,19,22
2023-07-19,1,19,26
2023-07-20,1,19,24
2023-07-21,1,19,26
2023-07-22,1,19,30
2023-07-23,1,19,26
2023-07-24,1,19,21
2023-07-25,1,19,32
2023-07-26,1,19,50
2023-07-27,1,19,28
2023-07-28,1,19,28
2023-07-29,1,19,31
2023-07-30,1,19,38
2023-07-31,1,19,18
2023-08-01,1,19,23
2023-08-02,1,19,23
2023-08-03,1,19,31
2023-08-04,1,19,32
2023-08-05,1,19,27
2023-08-06,1,19,32
2023-08-07,1,19,16
2023-08-08,1,19,23
2023-08-09,1,19,29
2023-08-10,1,19,22
2023-08-11,1,19,38
2023-08-12,1,19,40
2023-08-13,1,19,36
2023-08-14,1,19,20
2023-08-15,1,19,26
2023-08-16,1,19,24
2023-08-17,1,19,37
2023-08-18,1,19,27
2023-08-19,1,19,35
2023-08-20,1,19,32
2023-08-21,1,19,27
2023-08-22,1,19,20
2023-08-23,1,19,28
2023-08-24,1,19,35
2023-08-25,1,19,25
2023-08-26,1,19,30
2023-08-27,1,19,26
2023-08-28,1,19,22
2023-08-29,1,19,18
2023-08-30,1,19,19
2023-08-31,1,19,25
2023-09-01,1,19,26
2023-09-02,1,19,35
2023-09-03,1,19,29
2023-09-04,1,19,20
2023-09-05,1,19,28
2023-09-06,1,19,28
2023-09-07,1,19,31
2023-09-08,1,19,25
2023-09-09,1,19,32
2023-09-10,1,19,32
2023-09-11,1,19,26
2023-09-12,1,19,18
2023-09-13,1,19,24
2023-09-14,1,19,21
2023-09-15,1,19,35
2023-09-16,1,19,29
2023-09-17,1,19,27
2023-09-18,1,19,19
2023-09-19,1,19,28
2023-09-20,1,19,26
2023-09-21,1,19,15
2023-09-22,1,19,30
2023-09-23,1,19,38
2023-09-24,1,19,26
2023-09-25,1,19,15
2023-09-26,1,19,21
2023-09-27,1,19,22
2023-09-28,1,19,26
2023-09-29,1,19,38
2023-09-30,1,19,26
2023-10-01,1,19,23
2023-10-02,1,19,12
2023-10-03,1,19,26
2023-10-04,1,19,24
2023-07-07,1,20,29
2023-07-08,1,20,28
2023-07-09,1,20,28
2023-07-10,1,20,30
2023-07-11,1,20,16
2023-07-12,1,20,20
2023-07-13,1,20,13
2023-07-14,1,20,26
2023-07-15,1,20,28
2023-07-16,1,20,27
2023-07-17,1,20,30
2023-07-18,1,20,22
2023-07-19,1,20,21
2023-07-20,1,20,20
2023-07-21,1,20,20
2023-07-22,1,20,28
2023-07-23,1,20,37
2023-07-24,1,20,24
2023-07-25,1,20,14
2023-07-26,1,20,18
2023-07-27,1,20,27
2023-07-28,1,20,23
2023-07-29,1,20,28
2023-07-30,1,20,30
2023-07-31,1,20,21
2023-08-01,1,20,12
2023-08-02,1,20,18
2023-08-03,1,20,15
2023-08-04,1,20,20
2023-08-05,1,20,19
2023-08-06,1,20,22
2023-08-07,1,20,19
2023-08-08,1,20,9
2023-08-09,1,20,23
2023-08-10,1,20,14
2023-08-11,1,20,24
2023-08-12,1,20,23
2023-08-13,1,20,26
2023-08-14,1,20,28
2023-08-15,1,20,19
2023-08-16,1,20,17
2023-08-17,1,20,15
2023-08-18,1,20,26
2023-08-19,1,20,22
2023-08-20,1,20,26
2023-08-21,1,20,32
2023-08-22,1,20,20
2023-08-23,1,20,23
2023-08-24,1,20,22
2023-08-25,1,20,28
2023-08-26,1,20,20
2023-08-27,1,20,22
2023-08-28,1,20,29
2023-08-29,1,20,22
2023-08-30,1,20,24
2023-08-31,1,20,16
2023-09-01,1,20,21
2023-09-02,1,20,18
2023-09-03,1,20,34
2023-09-04,1,20,23
2023-09-05,1,20,17
2023-09-06,1,20,23
2023-09-07,1,20,14
2023-09-08,1,20,21
2023-09-09,1,20,19
2023-09-10,1,20,24
2023-09-11,1,20,27
2023-09-12,1,20,22
2023-09-13,1,20,16
2023-09-14,1,20,19
2023-09-15,1,20,22
2023-09-16,1,20,25
2023-09-17,1,20,31
2023-09-18,1,20,32
2023-09-19,1,20,21
2023-09-20,1,20,29
2023-09-21,1,20,27
2023-09-22,1,20,25
2023-09-23,1,20,22
2023-09-24,1,20,29
2023-09-25,1,20,24
2023-09-26,1,20,10
2023-09-27,1,20,14
2023-09-28,1,20,28
2023-09-29,1,20,15
2023-09-30,1,20,19
2023-10-01,1,20,16
2023-10-02,1,20,31
2023-10-03,1,20,7
2023-10-04,1,20,20
2023-07-07,1,21,17
2023-07-08,1,21,18
2023-07-09,1,21,17
2023-07-10,1,21,27
2023-07-11,1,21,20
2023-07-12,1,21,20
2023-07-13,1,21,13
2023-07-14,1,21,17
2023-07-15,1,21,14
2023-07-16,1,21,16
2023-07-17,1,21,15
2023-07-18,1,21,22
2023-07-19,1,21,19
2023-07-20,1,21,7
2023-07-21,1,21,16
2023-07-22,1,21,12
2023-07-23,1,21,6
2023-07-24,1,21,18
2023-07-25,1,21,19
2023-07-26,1,21,13
2023-07-27,1,21,16
2023-07-28,1,21,14
2023-07-29,1,21,19
2023-07-30,1,21,15
2023-07-31,1,21,27
2023-08-01,1,21,23
2023-08-02,1,21,12
2023-08-03,1,21,16
2023-08-04,1,21,16
2023-08-05,1,21,20
2023-08-06,1,21,16
2023-08-07,1,21,18
2023-08-08,1,21,12
2023-08-09,1,21,11
2023-08-10,1,21,16
2023-08-11,1,21,10
2023-08-12,1,21,15
2023-08-13,1,21,22
2023-08-14,1,21,30
2023-08-15,1,21,14
2023-08-16,1,21,17
2023-08-17,1,21,14
2023-08-18,1,21,14
2023-08-19,1,21,12
2023-08-20,1,21,18
2023-08-21,1,21,24
2023-08-22,1,21,13
2023-08-23,1,21,11
2023-08-24,1,21,19
2023-08-25,1,21,14
2023-08-26,1,21,17
2023-08-27,1,21,14
2023-08-28,1,21,12
2023-08-29,1,21,15
2023-08-30,1,21,18
2023-08-31,1,21,10
2023-09-01,1,21,16
2023-09-02,1,21,16
2023-09-03,1,21,23
2023-09-04,1,21,14
2023-09-05,1,21,18
2023-09-06,1,21,16
2023-09-07,1,21,12
2023-09-08,1,21,19
2023-09-09,1,21,13
2023-09-10,1,21,15
2023-09-11,1,21,21
2023-09-12,1,21,11
2023-09-13,1,21,14
2023-09-14,1,21,19
2023-09-15,1,21,14
2023-09-16,1,21,17
2023-09-17,1,21,25
2023-09-18,1,21,26
2023-09-19,1,21,13
2023-09-20,1,21,22
2023-09-21,1,21,21
2023-09-22,1,21,9
2023-09-23,1,21,21
2023-09-24,1,21,15
2023-09-25,1,21,20
2023-09-26,1,21,17
2023-09-27,1,21,16
2023-09-28,1,21,11
2023-09-29,1,21,22
2023-09-30,1,21,27
2023-10-01,1,21,23
2023-10-02,1,21,29
2023-10-03,1,21,25
2023-10-04,1,21,13
2023-07-07,1,22,21
2023-07-08,1,22,19
2023-07-09,1,22,20
2023-07-10,1,22,31
2023-07-11,1,22,32
2023-07-12,1,22,17
2023-07-13,1,22,20
2023-07-14,1,22,22
2023-07-15,1,22,17
2023-07-16,1,22,17
2023-07-17,1,22,23
2023-07-18,1,22,20
2023-07-19,1,22,12
2023-07-20,1,22,17
2023-07-21,1,22,20
2023-07-22,1,22,25
2023-07-23,1,22,28
2023-07-24,1,22,30
2023-07-25,1,22,30
2023-07-26,1,22,17
2023-07-27,1,22,23
2023-07-28,1,22,17
2023-07-29,1,22,21
2023-07-30,1,22,21
2023-07-31,1,22,26
2023-08-01,1,22,23
2023-08-02,1,22,16
2023-08-03,1,22,29
2023-08-04,1,22,34
2023-08-05,1,22,30
2023-08-06,1,22,23
2023-08-07,1,22,28
2023-08-08,1,22,32
2023-08-09,1,22,15
2023-08-10,1,22,23
2023-08-11,1,22,16
2023-08-12,1,22,26
2023-08-13,1,22,22
2023-08-14,1,22,26
2023-08-15,1,22,39
2023-08-16,1,22,17
2023-08-17,1,22,19
2023-08-18,1,22,25
2023-08-19,1,22,28
2023-08-20,1,22,29
2023-08-21,1,22,29
2023-08-22,1,22,22
2023-08-23,1,22,17
2023-08-24,1,22,19
2023-08-25,1,22,21
2023-08-26,1,22,31
2023-08-27,1,22,29
2023-08-28,1,22,25
2023-08-29,1,22,20
2023-08-30,1,22,21
2023-08-31,1,22,32
2023-09-01,1,22,29
2023-09-02,1,22,30
2023-09-03,1,22,28
2023-09-04,1,22,29
2023-09-05,1,22,32
2023-09-06,1,22,20
2023-09-07,1,22,21
2023-09-08,1,22,29
2023-09-09,1,22,25
2023-09-10,1,22,35
2023-09-11,1,22,23
2023-09-12,1,22,38
2023-09-13,1,22,20
2023-09-14,1,22,30
2023-09-15,1,22,26
2023-09-16,1,22,26
2023-09-17,1,22,45
2023-09-18,1,22,28
2023-09-19,1,22,29
2023-09-20,1,22,20
2023-09-21,1,22,22
2023-09-22,1,22,25
2023-09-23,1,22,31
2023-09-24,1,22,16
2023-09-25,1,22,24
2023-09-26,1,22,42
2023-09-27,1,22,18
2023-09-28,1,22,17
2023-09-29,1,22,26
2023-09-30,1,22,26
2023-10-01,1,22,33
2023-10-02,1,22,44
2023-10-03,1,22,44
2023-10-04,1,22,23
2023-07-07,1,23,22
2023-07-08,1,23,32
2023-07-09,1,23,29
2023-07-10,1,23,28
2023-07-11,1,23,36
2023-07-12,1,23,22
2023-07-13,1,23,16
2023-07-14,1,23,26
2023-07-15,1,23,25
2023-07-16,1,23,26
2023-07-17,1,23,33
2023-07-18,1,23,37
2023-07-19,1,23,34
2023-07-20,1,23,26
2023-07-21,1,23,22
2023-07-22,1,23,18
2023-07-23,1,23,21
2023-07-24,1,23,36
2023-07-25,1,23,28
2023-07-26,1,23,30
2023-07-27,1,23,25
2023-07-28,1,23,32
2023-07-29,1,23,26
2023-07-30,1,23,25
2023-07-31,1,23,24
2023-08-01,1,23,27
2023-08-02,1,23,28
2023-08-03,1,23,24
2023-08-04,1,23,19
2023-08-05,1,23,30
2023-08-06,1,23,25
2023-08-07,1,23,42
2023-08-08,1,23,32
2023-08-09,1,23,31
2023-08-10,1,23,27
2023-08-11,1,23,29
2023-08-12,1,23,28
2023-08-13,1,23,36
2023-08-14,1,23,40
2023-08-15,1,23,27
2023-08-16,1,23,27
2023-08-17,1,23,17
2023-08-18,1,23,21
2023-08-19,1,23,31
2023-08-20,1,23,34
2023-08-21,1,23,37
2023-08-22,1,23,36
2023-08-23,1,23,34
2023-08-24,1,23,30
2023-08-25,1,23,28
2023-08-26,1,23,24
2023-08-27,1,23,33
2023-08-28,1,23,30
2023-08-29,1,23,45
2023-08-30,1,23,27
2023-08-31,1,23,24
2023-09-01,1,23,24
2023-09-02,1,23,19
2023-09-03,1,23,23
2023-09-04,1,23,32
2023-09-05,1,23,30
2023-09-06,1,23,30
2023-09-07,1,23,18
2023-09-08,1,23,22
2023-09-09,1,23,24
2023-09-10,1,23,30
2023-09-11,1,23,30
2023-09-12,1,23,25
2023-09-13,1,23,27
2023-09-14,1,23,27
2023-09-15,1,23,14
2023-09-16,1,23,26
2023-09-17,1,23,26
2023-09-18,1,23,27
2023-09-19,1,23,30
2023-09-20,1,23,25
2023-09-21,1,23,24
2023-09-22,1,23,18
2023-09-23,1,23,14
2023-09-24,1,23,27
2023-09-25,1,23,27
2023-09-26,1,23,26
2023-09-27,1,23,28
2023-09-28,1,23,23
2023-09-29,1,23,29
2023-09-30,1,23,30
2023-10-01,1,23,32
2023-10-02,1,23,35
2023-10-03,1,23,26
2023-10-04,1,23,25
2023-07-07,1,24,21
2023-07-08,1,24,23
2023-07-09,1,24,22
2023-07-10,1,24,28
2023-07-11,1,24,23
2023-07-12,1,24,23
2023-07-13,1,24,38
2023-07-14,1,24,18
2023-07-15,1,24,23
2023-07-16,1,24,18
2023-07-17,1,24,24
2023-07-18,1,24,28
2023-07-19,1,24,23
2023-07-20,1,24,27
2023-07-21,1,24,26
2023-07-22,1,24,23
2023-07-23,1,24,27
2023-07-24,1,24,26
2023-07-25,1,24,18
2023-07-26,1,24,29
2023-07-27,1,24,36
2023-07-28,1,24,16
2023-07-29,1,24,32
2023-07-30,1,24,25
2023-07-31,1,24,28
2023-08-01,1,24,23
2023-08-02,1,24,25
2023-08-03,1,24,21
2023-08-04,1,24,14
2023-08-05,1,24,21
2023-08-06,1,24,25
2023-08-07,1,24,24
2023-08-08,1,24,34
2023-08-09,1,24,25
2023-08-10,1,24,25
2023-08-11,1,24,20
2023-08-12,1,24,24
2023-08-13,1,24,23
2023-08-14,1,24,23
2023-08-15,1,24,27
2023-08-16,1,24,29
2023-08-17,1,24,22
2023-08-18,1,24,27
2023-08-19,1,24,15
2023-08-20,1,24,14
2023-08-21,1,24,36
2023-08-22,1,24,21
2023-08-23,1,24,29
2023-08-24,1,24,35
2023-08-25,1,24,15
2023-08-26,1,24,18
2023-08-27,1,24,23
2023-08-28,1,24,23
2023-08-29,1,24,22
2023-08-30,1,24,23
2023-08-31,1,24,18
2023-09-01,1,24,23
2023-09-02,1,24,18
2023-09-03,1,24,20
2023-09-04,1,24,34
2023-09-05,1,24,31
2023-09-06,1,24,23
2023-09-07,1,24,17
2023-09-08,1,24,15
2023-09-09,1,24,24
2023-09-10,1,24,28
2023-09-11,1,24,19
2023-09-12,1,24,26
2023-09-13,1,24,35
2023-09-14,1,24,41
2023-09-15,1,24,21
2023-09-16,1,24,24
2023-09-17,1,24,18
2023-09-18,1,24,24
2023-09-19,1,24,32
2023-09-20,1,24,29
2023-09-21,1,24,30
2023-09-22,1,24,19
2023-09-23,1,24,26
2023-09-24,1,24,24
2023-09-25,1,24,20
2023-09-26,1,24,19
2023-09-27,1,24,23
2023-09-28,1,24,18
2023-09-29,1,24,13
2023-09-30,1,24,22
2023-10-01,1,24,17
2023-10-02,1,24,22
2023-10-03,1,24,29
2023-10-04,1,24,24
2023-07-07,1,25,20
2023-07-08,1,25,11
2023-07-09,1,25,17
2023-07-10,1,25,16
2023-07-11,1,25,27
2023-07-12,1,25,20
2023-07-13,1,25,26
2023-07-14,1,25,19
2023-07-15,1,25,12
2023-07-16,1,25,22
2023-07-17,1,25,23
2023-07-18,1,25,10
2023-07-19,1,25,21
2023-07-20,1,25,18
2023-07-21,1,25,24
2023-07-22,1,25,10
2023-07-23,1,25,10
2023-07-24,1,25,15
2023-07-25,1,25,12
2023-07-26,1,25,21
2023-07-27,1,25,24
2023-07-28,1,25,18
2023-07-29,1,25,7
2023-07-30,1,25,20
2023-07-31,1,25,11
2023-08-01,1,25,15
2023-08-02,1,25,20
2023-08-03,1,25,18
2023-08-04,1,25,24
2023-08-05,1,25,20
2023-08-06,1,25,18
2023-08-07,1,25,19
2023-08-08,1,25,17
2023-08-09,1,25,14
2023-08-10,1,25,16
2023-08-11,1,25,24
2023-08-12,1,25,23
2023-08-13,1,25,16
2023-08-14,1,25,13
2023-08-15,1,25,21
2023-08-16,1,25,25
2023-08-17,1,25,16
2023-08-18,1,25,21
2023-08-19,1,25,15
2023-08-20,1,25,20
2023-08-21,1,25,17
2023-08-22,1,25,21
2023-08-23,1,25,19
2023-08-24,1,25,15
2023-08-25,1,25,25
2023-08-26,1,25,8
2023-08-27,1,25,14
2023-08-28,1,25,16
2023-08-29,1,25,26
2023-08-30,1,25,26
2023-08-31,1,25,20
2023-09-01,1,25,19
2023-09-02,1,25,14
2023-09-03,1,25,11
2023-09-04,1,25,15
2023-09-05,1,25,21
2023-09-06,1,25,17
2023-09-07,1,25,36
2023-09-08,1,25,17
2023-09-09,1,25,12
2023-09-10,1,25,24
2023-09-11,1,25,8
2023-09-12,1,25,28
2023-09-13,1,25,19
2023-09-14,1,25,25
2023-09-15,1,25,10
2023-09-16,1,25,18
2023-09-17,1,25,13
2023-09-18,1,25,13
2023-09-19,1,25,8
2023-09-20,1,25,24
2023-09-21,1,25,21
2023-09-22,1,25,29
2023-09-23,1,25,12
2023-09-24,1,25,16
2023-09-25,1,25,19
2023-09-26,1,25,23
2023-09-27,1,25,29
2023-09-28,1,25,28
2023-09-29,1,25,18
2023-09-30,1,25,12
2023-10-01,1,25,23
2023-10-02,1,25,24
2023-10-03,1,25,22
2023-10-04,1,25,23
2023-07-07,1,26,29
2023-07-08,1,26,24
2023-07-09,1,26,25
2023-07-10,1,26,25
2023-07-11,1,26,19
2023-07-12,1,26,16
2023-07-13,1,26,18
2023-07-14,1,26,36
2023-07-15,1,26,21
2023-07-16,1,26,17
2023-07-17,1,26,27
2023-07-18,1,26,21
2023-07-19,1,26,21
2023-07-20,1,26,19
2023-07-21,1,26,34
2023-07-22,1,26,20
2023-07-23,1,26,19
2023-07-24,1,26,21
2023-07-25,1,26,24
2023-07-26,1,26,22
2023-07-27,1,26,23
2023-07-28,1,26,28
2023-07-29,1,26,39
2023-07-30,1,26,21
2023-07-31,1,26,27
2023-08-01,1,26,27
2023-08-02,1,26,23
2023-08-03,1,26,22
2023-08-04,1,26,24
2023-08-05,1,26,26
2023-08-06,1,26,15
2023-08-07,1,26,23
2023-08-08,1,26,17
2023-08-09,1,26,24
2023-08-10,1,26,26
2023-08-11,1,26,33
2023-08-12,1,26,40
2023-08-13,1,26,18
2023-08-14,1,26,25
2023-08-15,1,26,23
2023-08-16,1,26,28
2023-08-17,1,26,23
2023-08-18,1,26,33
2023-08-19,1,26,31
2023-08-20,1,26,22
2023-08-21,1,26,27
2023-08-22,1,26,19
2023-08-23,1,26,30
2023-08-24,1,26,22
2023-08-25,1,26,35
2023-08-26,1,26,42
2023-08-27,1,26,20
2023-08-28,1,26,28
2023-08-29,1,26,19
2023-08-30,1,26,29
2023-08-31,1,26,22
2023-09-01,1,26,23
2023-09-02,1,26,28
2023-09-03,1,26,17
2023-09-04,1,26,26
2023-09-05,1,26,21
2023-09-06,1,26,30
2023-09-07,1,26,40
2023-09-08,1,26,33
2023-09-09,1,26,37
2023-09-10,1,26,21
2023-09-11,1,26,25
2023-09-12,1,26,29
2023-09-13,1,26,34
2023-09-14,1,26,32
2023-09-15,1,26,32
2023-09-16,1,26,27
2023-09-17,1,26,16
2023-09-18,1,26,22
2023-09-19,1,26,30
2023-09-20,1,26,38
2023-09-21,1,26,28
2023-09-22,1,26,45
2023-09-23,1,26,33
2023-09-24,1,26,27
2023-09-25,1,26,38
2023-09-26,1,26,24
2023-09-27,1,26,31
2023-09-28,1,26,37
2023-09-29,1,26,33
2023-09-30,1,26,34
2023-10-01,1,26,15
2023-10-02,1,26,28
2023-10-03,1,26,22
2023-10-04,1,26,29
2023-07-07,1,27,35
2023-07-08,1,27,29
2023-07-09,1,27,39
2023-07-10,1,27,20
2023-07-11,1,27,31
2023-07-12,1,27,26
2023-07-13,1,27,24
2023-07-14,1,27,43
2023-07-15,1,27,37
2023-07-16,1,27,38
2023-07-17,1,27,23
2023-07-18,1,27,41
2023-07-19,1,27,33
2023-07-20,1,27,37
2023-07-21,1,27,36
2023-07-22,1,27,37
2023-07-23,1,27,39
2023-07-24,1,27,24
2023-07-25,1,27,23
2023-07-26,1,27,31
2023-07-27,1,27,29
2023-07-28,1,27,31
2023-07-29,1,27,40
2023-07-30,1,27,32
2023-07-31,1,27,26
2023-08-01,1,27,28
2023-08-02,1,27,30
2023-08-03,1,27,29
2023-08-04,1,27,29
2023-08-05,1,27,33
2023-08-06,1,27,42
2023-08-07,1,27,24
2023-08-08,1,27,31
2023-08-09,1,27,35
2023-08-10,1,27,32
2023-08-11,1,27,35
2023-08-12,1,27,30
2023-08-13,1,27,44
2023-08-14,1,27,30
2023-08-15,1,27,39
2023-08-16,1,27,35
2023-08-17,1,27,39
2023-08-18,1,27,36
2023-08-19,1,27,50
2023-08-20,1,27,35
2023-08-21,1,27,36
2023-08-22,1,27,34
2023-08-23,1,27,38
2023-08-24,1,27,34
2023-08-25,1,27,47
2023-08-26,1,27,33
2023-08-27,1,27,45
2023-08-28,1,27,31
2023-08-29,1,27,44
2023-08-30,1,27,24
2023-08-31,1,27,38
2023-09-01,1,27,45
2023-09-02,1,27,34
2023-09-03,1,27,40
2023-09-04,1,27,31
2023-09-05,1,27,25
2023-09-06,1,27,33
2023-09-07,1,27,33
2023-09-08,1,27,31
2023-09-09,1,27,40
2023-09-10,1,27,37
2023-09-11,1,27,23
2023-09-12,1,27,32
2023-09-13,1,27,23
2023-09-14,1,27,23
2023-09-15,1,27,40
2023-09-16,1,27,30
2023-09-17,1,27,29
2023-09-18,1,27,25
2023-09-19,1,27,32
2023-09-20,1,27,33
2023-09-21,1,27,24
2023-09-22,1,27,28
2023-09-23,1,27,24
2023-09-24,1,27,39
2023-09-25,1,27,27
2023-09-26,1,27,24
2023-09-27,1,27,23
2023-09-28,1,27,29
2023-09-29,1,27,34
2023-09-30,1,27,25
2023-10-01,1,27,36
2023-10-02,1,27,20
2023-10-03,1,27,28
2023-10-04,1,27,35
2023-07-07,1,28,34
2023-07-08,1,28,31
2023-07-09,1,28,35
2023-07-10,1,28,41
2023-07-11,1,28,23
2023-07-12,1,28,30
2023-07-13,1,28,24
2023-07-14,1,28,44
2023-07-15,1,28,26
2023-07-16,1,28,38
2023-07-17,1,28,30
2023-07-18,1,28,26
2023-07-19,1,28,25
2023-07-20,1,28,34
2023-07-21,1,28,22
2023-07-22,1,28,26
2023-07-23,1,28,28
2023-07-24,1,28,44
2023-07-25,1,28,29
2023-07-26,1,28,28
2023-07-27,1,28,21
2023-07-28,1,28,32
2023-07-29,1,28,30
2023-07-30,1,28,36
2023-07-31,1,28,24
2023-08-01,1,28,29
2023-08-02,1,28,19
2023-08-03,1,28,22
2023-08-04,1,28,35
2023-08-05,1,28,31
2023-08-06,1,28,35
2023-08-07,1,28,29
2023-08-08,1,28,26
2023-08-09,1,28,26
2023-08-10,1,28,21
2023-08-11,1,28,23
2023-08-12,1,28,35
2023-08-13,1,28,31
2023-08-14,1,28,34
2023-08-15,1,28,26
2023-08-16,1,28,27
2023-08-17,1,28,28
2023-08-18,1,28,25
2023-08-19,1,28,34
2023-08-20,1,28,28
2023-08-21,1,28,31
2023-08-22,1,28,28
2023-08-23,1,28,24
2023-08-24,1,28,22
2023-08-25,1,28,23
2023-08-26,1,28,26
2023-08-27,1,28,33
2023-08-28,1,28,31
2023-08-29,1,28,28
2023-08-30,1,28,24
2023-08-31,1,28,35
2023-09-01,1,28,26
2023-09-02,1,28,24
2023-09-03,1,28,38
2023-09-04,1,28,26
2023-09-05,1,28,22
2023-09-06,1,28,27
2023-09-07,1,28,27
2023-09-08,1,28,25
2023-09-09,1,28,25
2023-09-10,1,28,35
2023-09-11,1,28,30
2023-09-12,1,28,20
2023-09-13,1,28,25
2023-09-14,1,28,27
2023-09-15,1,28,40
2023-09-16,1,28,29
2023-09-17,1,28,28
2023-09-18,1,28,37
2023-09-19,1,28,24
2023-09-20,1,28,18
2023-09-21,1,28,22
2023-09-22,1,28,23
2023-09-23,1,28,29
2023-09-24,1,28,31
2023-09-25,1,28,33
2023-09-26,1,28,23
2023-09-27,1,28,27
2023-09-28,1,28,32
2023-09-29,1,28,33
2023-09-30,1,28,28
2023-10-01,1,28,28
2023-10-02,1,28,42
2023-10-03,1,28,28
2023-10-04,1,28,28
2023-07-07,1,29,33
2023-07-08,1,29,24
2023-07-09,1,29,34
2023-07-10,1,29,32
2023-07-11,1,29,32
2023-07-12,1,29,18
2023-07-13,1,29,18
2023-07-14,1,29,16
2023-07-15,1,29,23
2023-07-16,1,29,23
2023-07-17,1,29,20
2023-07-18,1,29,23
2023-07-19,1,29,20
2023-07-20,1,29,15
2023-07-21,1,29,17
2023-07-22,1,29,19
2023-07-23,1,29,15
2023-07-24,1,29,17
2023-07-25,1,29,20
2023-07-26,1,29,17
2023-07-27,1,29,25
2023-07-28,1,29,23
2023-07-29,1,29,21
2023-07-30,1,29,21
2023-07-31,1,29,17
2023-08-01,1,29,27
2023-08-02,1,29,22
2023-08-03,1,29,23
2023-08-04,1,29,24
2023-08-05,1,29,26
2023-08-06,1,29,25
2023-08-07,1,29,23
2023-08-08,1,29,19
2023-08-09,1,29,23
2023-08-10,1,29,20
2023-08-11,1,29,20
2023-08-12,1,29,20
2023-08-13,1,29,17
2023-08-14,1,29,26
2023-08-15,1,29,24
2023-08-16,1,29,10
2023-08-17,1,29,15
2023-08-18,1,29,12
2023-08-19,1,29,20
2023-08-20,1,29,17
2023-08-21,1,29,27
2023-08-22,1,29,21
2023-08-23,1,29,10
2023-08-24,1,29,20
2023-08-25,1,29,13
2023-08-26,1,29,12
2023-08-27,1,29,22
2023-08-28,1,29,22
2023-08-29,1,29,28
2023-08-30,1,29,11
2023-08-31,1,29,9
2023-09-01,1,29,22
2023-09-02,1,29,10
2023-09-03,1,29,29
2023-09-04,1,29,30
2023-09-05,1,29,26
2023-09-06,1,29,13
2023-09-07,1,29,16
2023-09-08,1,29,26
2023-09-09,1,29,17
2023-09-10,1,29,23
2023-09-11,1,29,23
2023-09-12,1,29,29
2023-09-13,1,29,17
2023-09-14,1,29,25
2023-09-15,1,29,20
2023-09-16,1,29,27
2023-09-17,1,29,21
2023-09-18,1,29,25
2023-09-19,1,29,25
2023-09-20,1,29,15
2023-09-21,1,29,16
2023-09-22,1,29,23
2023-09-23,1,29,18
2023-09-24,1,29,19
2023-09-25,1,29,27
2023-09-26,1,29,23
2023-09-27,1,29,17
2023-09-28,1,29,19
2023-09-29,1,29,6
2023-09-30,1,29,13
2023-10-01,1,29,28
2023-10-02,1,29,33
2023-10-03,1,29,31
2023-10-04,1,29,19
2023-07-07,1,30,19
2023-07-08,1,30,23
2023-07-09,1,30,14
2023-07-10,1,30,27
2023-07-11,1,30,24
2023-07-12,1,30,37
2023-07-13,1,30,24
2023-07-14,1,30,21
2023-07-15,1,30,28
2023-07-16,1,30,33
2023-07-17,1,30,29
2023-07-18,1,30,33
2023-07-19,1,30,31
2023-07-20,1,30,26
2023-07-21,1,30,26
2023-07-22,1,30,20
2023-07-23,1,30,32
2023-07-24,1,30,27
2023-07-25,1,30,17
2023-07-26,1,30,18
2023-07-27,1,30,19
2023-07-28,1,30,21
2023-07-29,1,30,24
2023-07-30,1,30,16
2023-07-31,1,30,34
2023-08-01,1,30,34
2023-08-02,1,30,39
2023-08-03,1,30,20
2023-08-04,1,30,26
2023-08-05,1,30,20
2023-08-06,1,30,25
2023-08-07,1,30,34
2023-08-08,1,30,35
2023-08-09,1,30,22
2023-08-10,1,30,21
2023-08-11,1,30,29
2023-08-12,1,30,22
2023-08-13,1,30,27
2023-08-14,1,30,34
2023-08-15,1,30,37
2023-08-16,1,30,32
2023-08-17,1,30,30
2023-08-18,1,30,33
2023-08-19,1,30,25
2023-08-20,1,30,28
2023-08-21,1,30,35
2023-08-22,1,30,29
2023-08-23,1,30,33
2023-08-24,1,30,26
2023-08-25,1,30,25
2023-08-26,1,30,19
2023-08-27,1,30,25
2023-08-28,1,30,25
2023-08-29,1,30,37
2023-08-30,1,30,25
2023-08-31,1,30,19
2023-09-01,1,30,24
2023-09-02,1,30,31
2023-09-03,1,30,20
2023-09-04,1,30,33
2023-09-05,1,30,29
2023-09-06,1,30,35
2023-09-07,1,30,18
2023-09-08,1,30,24
2023-09-09,1,30,28
2023-09-10,1,30,40
2023-09-11,1,30,37
2023-09-12,1,30,41
2023-09-13,1,30,37
2023-09-14,1,30,22
2023-09-15,1,30,26
2023-09-16,1,30,37
2023-09-17,1,30,32
2023-09-18,1,30,33
2023-09-19,1,30,32
2023-09-20,1,30,40
2023-09-21,1,30,23
2023-09-22,1,30,30
2023-09-23,1,30,25
2023-09-24,1,30,39
2023-09-25,1,30,32
2023-09-26,1,30,32
2023-09-27,1,30,39
2023-09-28,1,30,22
2023-09-29,1,30,34
2023-09-30,1,30,16
2023-10-01,1,30,28
2023-10-02,1,30,36
2023-10-03,1,30,53
2023-10-04,1,30,32
2023-07-07,1,31,25
2023-07-08,1,31,33
2023-07-09,1,31,21
2023-07-10,1,31,25
2023-07-11,1,31,30
2023-07-12,1,31,27
2023-07-13,1,31,38
2023-07-14,1,31,28
2023-07-15,1,31,36
2023-07-16,1,31,31
2023-07-17,1,31,35
2023-07-18,1,31,41
2023-07-19,1,31,49
2023-07-20,1,31,46
2023-07-21,1,31,26
2023-07-22,1,31,31
2023-07-23,1,31,28
2023-07-24,1,31,29
2023-07-25,1,31,42
2023-07-26,1,31,38
2023-07-27,1,31,45
2023-07-28,1,31,31
2023-07-29,1,31,39
2023-07-30,1,31,30
2023-07-31,1,31,36
2023-08-01,1,31,41
2023-08-02,1,31,48
2023-08-03,1,31,37
2023-08-04,1,31,25
2023-08-05,1,31,31
2023-08-06,1,31,24
2023-08-07,1,31,33
2023-08-08,1,31,35
2023-08-09,1,31,31
2023-08-10,1,31,51
2023-08-11,1,31,31
2023-08-12,1,31,27
2023-08-13,1,31,33
2023-08-14,1,31,40
2023-08-15,1,31,46
2023-08-16,1,31,51
2023-08-17,1,31,43
2023-08-18,1,31,33
2023-08-19,1,31,45
2023-08-20,1,31,41
2023-08-21,1,31,43
2023-08-22,1,31,29
2023-08-23,1,31,31
2023-08-24,1,31,42
2023-08-25,1,31,44
2023-08-26,1,31,41
2023-08-27,1,31,35
2023-08-28,1,31,37
2023-08-29,1,31,43
2023-08-30,1,31,50
2023-08-31,1,31,35
2023-09-01,1,31,23
2023-09-02,1,31,37
2023-09-03,1,31,21
2023-09-04,1,31,36
2023-09-05,1,31,35
2023-09-06,1,31,43
2023-09-07,1,31,49
2023-09-08,1,31,34
2023-09-09,1,31,30
2023-09-10,1,31,23
2023-09-11,1,31,35
2023-09-12,1,31,47
2023-09-13,1,31,28
2023-09-14,1,31,19
2023-09-15,1,31,28
2023-09-16,1,31,32
2023-09-17,1,31,30
2023-09-18,1,31,44
2023-09-19,1,31,31
2023-09-20,1,31,37
2023-09-21,1,31,40
2023-09-22,1,31,33
2023-09-23,1,31,35
2023-09-24,1,31,26
2023-09-25,1,31,34
2023-09-26,1,31,29
2023-09-27,1,31,35
2023-09-28,1,31,30
2023-09-29,1,31,30
2023-09-30,1,31,22
2023-10-01,1,31,37
2023-10-02,1,31,33
2023-10-03,1,31,28
2023-10-04,1,31,40
2023-07-07,1,32,33
2023-07-08,1,32,26
2023-07-09,1,32,24
2023-07-10,1,32,23
2023-07-11,1,32,38
2023-07-12,1,32,32
2023-07-13,1,32,28
2023-07-14,1,32,41
2023-07-15,1,32,26
2023-07-16,1,32,30
2023-07-17,1,32,31
2023-07-18,1,32,25
2023-07-19,1,32,34
2023-07-20,1,32,28
2023-07-21,1,32,36
2023-07-22,1,32,26
2023-07-23,1,32,24
2023-07-24,1,32,24
2023-07-25,1,32,23
2023-07-26,1,32,27
2023-07-27,1,32,37
2023-07-28,1,32,37
2023-07-29,1,32,27
2023-07-30,1,32,22
2023-07-31,1,32,28
2023-08-01,1,32,35
2023-08-02,1,32,28
2023-08-03,1,32,26
2023-08-04,1,32,35
2023-08-05,1,32,24
2023-08-06,1,32,25
2023-08-07,1,32,19
2023-08-08,1,32,27
2023-08-09,1,32,28
2023-08-10,1,32,41
2023-08-11,1,32,29
2023-08-12,1,32,25
2023-08-13,1,32,22
2023-08-14,1,32,21
2023-08-15,1,32,28
2023-08-16,1,32,33
2023-08-17,1,32,25
2023-08-18,1,32,33
2023-08-19,1,32,21
2023-08-20,1,32,31
2023-08-21,1,32,20
2023-08-22,1,32,27
2023-08-23,1,32,29
2023-08-24,1,32,45
2023-08-25,1,32,35
2023-08-26,1,32,29
2023-08-27,1,32,31
2023-08-28,1,32,22
2023-08-29,1,32,24
2023-08-30,1,32,30
2023-08-31,1,32,38
2023-09-01,1,32,34
2023-09-02,1,32,14
2023-09-03,1,32,29
2023-09-04,1,32,29
2023-09-05,1,32,34
2023-09-06,1,32,39
2023-09-07,1,32,34
2023-09-08,1,32,29
2023-09-09,1,32,23
2023-09-10,1,32,24
2023-09-11,1,32,41
2023-09-12,1,32,32
2023-09-13,1,32,32
2023-09-14,1,32,39
2023-09-15,1,32,29
2023-09-16,1,32,28
2023-09-17,1,32,25
2023-09-18,1,32,25
2023-09-19,1,32,33
2023-09-20,1,32,38
2023-09-21,1,32,29
2023-09-22,1,32,42
2023-09-23,1,32,23
2023-09-24,1,32,24
2023-09-25,1,32,32
2023-09-26,1,32,29
2023-09-27,1,32,43
2023-09-28,1,32,25
2023-09-29,1,32,35
2023-09-30,1,32,24
2023-10-01,1,32,30
2023-10-02,1,32,23
2023-10-03,1,32,35
2023-10-04,1,32,34
2023-07-07,1,33,30
2023-07-08,1,33,32
2023-07-09,1,33,20
2023-07-10,1,33,29
2023-07-11,1,33,24
2023-07-12,1,33,25
2023-07-13,1,33,31
2023-07-14,1,33,38
2023-07-15,1,33,39
2023-07-16,1,33,27
2023-07-17,1,33,18
2023-07-18,1,33,24
2023-07-19,1,33,20
2023-07-20,1,33,27
2023-07-21,1,33,20
2023-07-22,1,33,22
2023-07-23,1,33,21
2023-07-24,1,33,21
2023-07-25,1,33,19
2023-07-26,1,33,23
2023-07-27,1,33,18
2023-07-28,1,33,16
2023-07-29,1,33,23
2023-07-30,1,33,15
2023-07-31,1,33,18
2023-08-01,1,33,21
2023-08-02,1,33,21
2023-08-03,1,33,31
2023-08-04,1,33,17
2023-08-05,1,33,14
2023-08-06,1,33,13
2023-08-07,1,33,21
2023-08-08,1,33,19
2023-08-09,1,33,25
2023-08-10,1,33,29
2023-08-11,1,33,19
2023-08-12,1,33,29
2023-08-13,1,33,22
2023-08-14,1,33,17
2023-08-15,1,33,25
2023-08-16,1,33,25
2023-08-17,1,33,31
2023-08-18,1,33,20
2023-08-19,1,33,34
2023-08-20,1,33,17
2023-08-21,1,33,22
2023-08-22,1,33,16
2023-08-23,1,33,22
2023-08-24,1,33,23
2023-08-25,1,33,24
2023-08-26,1,33,24
2023-08-27,1,33,23
2023-08-28,1,33,22
2023-08-29,1,33,22
2023-08-30,1,33,18
2023-08-31,1,33,22
2023-09-01,1,33,15
2023-09-02,1,33,24
2023-09-03,1,33,17
2023-09-04,1,33,14
2023-09-05,1,33,14
2023-09-06,1,33,11
2023-09-07,1,33,17
2023-09-08,1,33,24
2023-09-09,1,33,14
2023-09-10,1,33,19
2023-09-11,1,33,24
2023-09-12,1,33,30
2023-09-13,1,33,18
2023-09-14,1,33,23
2023-09-15,1,33,27
2023-09-16,1,33,19
2023-09-17,1,33,13
2023-09-18,1,33,20
2023-09-19,1,33,15
2023-09-20,1,33,23
2023-09-21,1,33,26
2023-09-22,1,33,26
2023-09-23,1,33,33
2023-09-24,1,33,16
2023-09-25,1,33,27
2023-09-26,1,33,29
2023-09-27,1,33,27
2023-09-28,1,33,28
2023-09-29,1,33,35
2023-09-30,1,33,24
2023-10-01,1,33,15
2023-10-02,1,33,20
2023-10-03,1,33,21
2023-10-04,1,33,21
2023-07-07,1,34,36
2023-07-08,1,34,36
2023-07-09,1,34,21
2023-07-10,1,34,21
2023-07-11,1,34,18
2023-07-12,1,34,21
2023-07-13,1,34,20
2023-07-14,1,34,24
2023-07-15,1,34,22
2023-07-16,1,34,29
2023-07-17,1,34,18
2023-07-18,1,34,27
2023-07-19,1,34,28
2023-07-20,1,34,28
2023-07-21,1,34,30
2023-07-22,1,34,41
2023-07-23,1,34,32
2023-07-24,1,34,21
2023-07-25,1,34,31
2023-07-26,1,34,26
2023-07-27,1,34,33
2023-07-28,1,34,28
2023-07-29,1,34,35
2023-07-30,1,34,36
2023-07-31,1,34,18
2023-08-01,1,34,18
2023-08-02,1,34,26
2023-08-03,1,34,28
2023-08-04,1,34,28
2023-08-05,1,34,29
2023-08-06,1,34,27
2023-08-07,1,34,23
2023-08-08,1,34,29
2023-08-09,1,34,27
2023-08-10,1,34,23
2023-08-11,1,34,28
2023-08-12,1,34,22
2023-08-13,1,34,34
2023-08-14,1,34,25
2023-08-15,1,34,36
2023-08-16,1,34,27
2023-08-17,1,34,24
2023-08-18,1,34,38
2023-08-19,1,34,34
2023-08-20,1,34,37
2023-08-21,1,34,30
2023-08-22,1,34,29
2023-08-23,1,34,27
2023-08-24,1,34,38
2023-08-25,1,34,40
2023-08-26,1,34,40
2023-08-27,1,34,42
2023-08-28,1,34,30
2023-08-29,1,34,29
2023-08-30,1,34,22
2023-08-31,1,34,50
2023-09-01,1,34,31
2023-09-02,1,34,39
2023-09-03,1,34,41
2023-09-04,1,34,18
2023-09-05,1,34,22
2023-09-06,1,34,32
2023-09-07,1,34,37
2023-09-08,1,34,31
2023-09-09,1,34,26
2023-09-10,1,34,43
2023-09-11,1,34,33
2023-09-12,1,34,31
2023-09-13,1,34,25
2023-09-14,1,34,28
2023-09-15,1,34,31
2023-09-16,1,34,42
2023-09-17,1,34,46
2023-09-18,1,34,24
2023-09-19,1,34,29
2023-09-20,1,34,28
2023-09-21,1,34,27
2023-09-22,1,34,46
2023-09-23,1,34,41
2023-09-24,1,34,37
2023-09-25,1,34,31
2023-09-26,1,34,23
2023-09-27,1,34,23
2023-09-28,1,34,22
2023-09-29,1,34,44
2023-09-30,1,34,39
2023-10-01,1,34,37
2023-10-02,1,34,24
2023-10-03,1,34,26
2023-10-04,1,34,29
2023-07-07,1,35,33
2023-07-08,1,35,31
2023-07-09,1,35,44
2023-07-10,1,35,28
2023-07-11,1,35,25
2023-07-12,1,35,39
2023-07-13,1,35,37
2023-07-14,1,35,40
2023-07-15,1,35,23
2023-07-16,1,35,29
2023-07-17,1,35,47
2023-07-18,1,35,27
2023-07-19,1,35,31
2023-07-20,1,35,37
2023-07-21,1,35,34
2023-07-22,1,35,42
2023-07-23,1,35,49
2023-07-24,1,35,42
2023-07-25,1,35,40
2023-07-26,1,35,40
2023-07-27,1,35,29
2023-07-28,1,35,40
2023-07-29,1,35,36
2023-07-30,1,35,42
2023-07-31,1,35,44
2023-08-01,1,35,41
2023-08-02,1,35,39
2023-08-03,1,35,43
2023-08-04,1,35,37
2023-08-05,1,35,46
2023-08-06,1,35,36
2023-08-07,1,35,38
2023-08-08,1,35,22
2023-08-09,1,35,44
2023-08-10,1,35,39
2023-08-11,1,35,32
2023-08-12,1,35,44
2023-08-13,1,35,58
2023-08-14,1,35,37
2023-08-15,1,35,32
2023-08-16,1,35,39
2023-08-17,1,35,34
2023-08-18,1,35,41
2023-08-19,1,35,48
2023-08-20,1,35,34
2023-08-21,1,35,54
2023-08-22,1,35,31
2023-08-23,1,35,37
2023-08-24,1,35,42
2023-08-25,1,35,35
2023-08-26,1,35,45
2023-08-27,1,35,53
2023-08-28,1,35,45
2023-08-29,1,35,32
2023-08-30,1,35,28
2023-08-31,1,35,42
2023-09-01,1,35,34
2023-09-02,1,35,32
2023-09-03,1,35,44
2023-09-04,1,35,37
2023-09-05,1,35,32
2023-09-06,1,35,36
2023-09-07,1,35,48
2023-09-08,1,35,41
2023-09-09,1,35,35
2023-09-10,1,35,47
2023-09-11,1,35,38
2023-09-12,1,35,38
2023-09-13,1,35,37
2023-09-14,1,35,33
2023-09-15,1,35,42
2023-09-16,1,35,36
2023-09-17,1,35,49
2023-09-18,1,35,50
2023-09-19,1,35,30
2023-09-20,1,35,42
2023-09-21,1,35,30
2023-09-22,1,35,33
2023-09-23,1,35,36
2023-09-24,1,35,43
2023-09-25,1,35,32
2023-09-26,1,35,37
2023-09-27,1,35,25
2023-09-28,1,35,29
2023-09-29,1,35,39
2023-09-30,1,35,37
2023-10-01,1,35,30
2023-10-02,1,35,31
2023-10-03,1,35,30
2023-10-04,1,35,31
2023-07-07,1,36,30
2023-07-08,1,36,38
2023-07-09,1,36,27
2023-07-10,1,36,31
2023-07-11,1,36,35
2023-07-12,1,36,27
2023-07-13,1,36,34
2023-07-14,1,36,32
2023-07-15,1,36,23
2023-07-16,1,36,36
2023-07-17,1,36,48
2023-07-18,1,36,34
2023-07-19,1,36,21
2023-07-20,1,36,26
2023-07-21,1,36,31
2023-07-22,1,36,37
2023-07-23,1,36,34
2023-07-24,1,36,40
2023-07-25,1,36,39
2023-07-26,1,36,19
2023-07-27,1,36,34
2023-07-28,1,36,32
2023-07-29,1,36,30
2023-07-30,1,36,28
2023-07-31,1,36,27
2023-08-01,1,36,35
2023-08-02,1,36,29
2023-08-03,1,36,33
2023-08-04,1,36,31
2023-08-05,1,36,24
2023-08-06,1,36,33
2023-08-07,1,36,37
2023-08-08,1,36,34
2023-08-09,1,36,23
2023-08-10,1,36,31
2023-08-11,1,36,22
2023-08-12,1,36,39
2023-08-13,1,36,33
2023-08-14,1,36,43
2023-08-15,1,36,43
2023-08-16,1,36,23
2023-08-17,1,36,29
2023-08-18,1,36,27
2023-08-19,1,36,34
2023-08-20,1,36,41
2023-08-21,1,36,22
2023-08-22,1,36,39
2023-08-23,1,36,24
2023-08-24,1,36,24
2023-08-25,1,36,28
2023-08-26,1,36,27
2023-08-27,1,36,33
2023-08-28,1,36,40
2023-08-29,1,36,39
2023-08-30,1,36,21
2023-08-31,1,36,40
2023-09-01,1,36,22
2023-09-02,1,36,31
2023-09-03,1,36,28
2023-09-04,1,36,31
2023-09-05,1,36,33
2023-09-06,1,36,30
2023-09-07,1,36,18
2023-09-08,1,36,28
2023-09-09,1,36,37
2023-09-10,1,36,25
2023-09-11,1,36,31
2023-09-12,1,36,38
2023-09-13,1,36,22
2023-09-14,1,36,24
2023-09-15,1,36,15
2023-09-16,1,36,30
2023-09-17,1,36,26
2023-09-18,1,36,38
2023-09-19,1,36,25
2023-09-20,1,36,20
2023-09-21,1,36,27
2023-09-22,1,36,26
2023-09-23,1,36,34
2023-09-24,1,36,38
2023-09-25,1,36,43
2023-09-26,1,36,43
2023-09-27,1,36,30
2023-09-28,1,36,21
2023-09-29,1,36,21
2023-09-30,1,36,20
2023-10-01,1,36,43
2023-10-02,1,36,39
2023-10-03,1,36,44
2023-10-04,1,36,24
2023-07-07,1,37,22
2023-07-08,1,37,27
2023-07-09,1,37,25
2023-07-10,1,37,42
2023-07-11,1,37,33
2023-07-12,1,37,30
2023-07-13,1,37,32
2023-07-14,1,37,32
2023-07-15,1,37,35
2023-07-16,1,37,30
2023-07-17,1,37,44
2023-07-18,1,37,35
2023-07-19,1,37,24
2023-07-20,1,37,24
2023-07-21,1,37,26
2023-07-22,1,37,24
2023-07-23,1,37,27
2023-07-24,1,37,17
2023-07-25,1,37,29
2023-07-26,1,37,26
2023-07-27,1,37,31
2023-07-28,1,37,20
2023-07-29,1,37,22
2023-07-30,1,37,18
2023-07-31,1,37,27
2023-08-01,1,37,27
2023-08-02,1,37,34
2023-08-03,1,37,16
2023-08-04,1,37,22
2023-08-05,1,37,18
2023-08-06,1,37,25
2023-08-07,1,37,29
2023-08-08,1,37,17
2023-08-09,1,37,24
2023-08-10,1,37,28
2023-08-11,1,37,16
2023-08-12,1,37,18
2023-08-13,1,37,25
2023-08-14,1,37,20
2023-08-15,1,37,23
2023-08-16,1,37,21
2023-08-17,1,37,22
2023-08-18,1,37,19
2023-08-19,1,37,25
2023-08-20,1,37,25
2023-08-21,1,37,33
2023-08-22,1,37,24
2023-08-23,1,37,33
2023-08-24,1,37,19
2023-08-25,1,37,20
2023-08-26,1,37,18
2023-08-27,1,37,20
2023-08-28,1,37,30
2023-08-29,1,37,24
2023-08-30,1,37,18
2023-08-31,1,37,19
2023-09-01,1,37,24
2023-09-02,1,37,16
2023-09-03,1,37,21
2023-09-04,1,37,30
2023-09-05,1,37,24
2023-09-06,1,37,23
2023-09-07,1,37,16
2023-09-08,1,37,21
2023-09-09,1,37,21
2023-09-10,1,37,23
2023-09-11,1,37,35
2023-09-12,1,37,17
2023-09-13,1,37,25
2023-09-14,1,37,16
2023-09-15,1,37,22
2023-09-16,1,37,11
2023-09-17,1,37,21
2023-09-18,1,37,23
2023-09-19,1,37,18
2023-09-20,1,37,24
2023-09-21,1,37,16
2023-09-22,1,37,17
2023-09-23,1,37,22
2023-09-24,1,37,28
2023-09-25,1,37,22
2023-09-26,1,37,25
2023-09-27,1,37,37
2023-09-28,1,37,18
2023-09-29,1,37,24
2023-09-30,1,37,24
2023-10-01,1,37,31
2023-10-02,1,37,28
2023-10-03,1,37,29
2023-10-04,1,37,32
2023-07-07,1,38,10
2023-07-08,1,38,27
2023-07-09,1,38,25
2023-07-10,1,38,25
2023-07-11,1,38,21
2023-07-12,1,38,26
2023-07-13,1,38,34
2023-07-14,1,38,19
2023-07-15,1,38,16
2023-07-16,1,38,19
2023-07-17,1,38,20
2023-07-18,1,38,29
2023-07-19,1,38,29
2023-07-20,1,38,28
2023-07-21,1,38,22
2023-07-22,1,38,17
2023-07-23,1,38,32
2023-07-24,1,38,23
2023-07-25,1,38,34
2023-07-26,1,38,36
2023-07-27,1,38,40
2023-07-28,1,38,19
2023-07-29,1,38,17
2023-07-30,1,38,23
2023-07-31,1,38,28
2023-08-01,1,38,31
2023-08-02,1,38,29
2023-08-03,1,38,30
2023-08-04,1,38,21
2023-08-05,1,38,24
2023-08-06,1,38,25
2023-08-07,1,38,23
2023-08-08,1,38,28
2023-08-09,1,38,32
2023-08-10,1,38,32
2023-08-11,1,38,22
2023-08-12,1,38,31
2023-08-13,1,38,24
2023-08-14,1,38,29
2023-08-15,1,38,27
2023-08-16,1,38,33
2023-08-17,1,38,37
2023-08-18,1,38,15
2023-08-19,1,38,28
2023-08-20,1,38,18
2023-08-21,1,38,25
2023-08-22,1,38,26
2023-08-23,1,38,41
2023-08-24,1,38,38
2023-08-25,1,38,27
2023-08-26,1,38,32
2023-08-27,1,38,34
2023-08-28,1,38,38
2023-08-29,1,38,32
2023-08-30,1,38,43
2023-08-31,1,38,37
2023-09-01,1,38,27
2023-09-02,1,38,21
2023-09-03,1,38,25
2023-09-04,1,38,22
2023-09-05,1,38,35
2023-09-06,1,38,48
2023-09-07,1,38,42
2023-09-08,1,38,26
2023-09-09,1,38,37
2023-09-10,1,38,37
2023-09-11,1,38,40
2023-09-12,1,38,34
2023-09-13,1,38,40
2023-09-14,1,38,34
2023-09-15,1,38,35
2023-09-16,1,38,24
2023-09-17,1,38,40
2023-09-18,1,38,34
2023-09-19,1,38,34
2023-09-20,1,38,31
2023-09-21,1,38,33
2023-09-22,1,38,25
2023-09-23,1,38,33
2023-09-24,1,38,45
2023-09-25,1,38,32
2023-09-26,1,38,35
2023-09-27,1,38,38
2023-09-28,1,38,51
2023-09-29,1,38,21
2023-09-30,1,38,32
2023-10-01,1,38,35
2023-10-02,1,38,27
2023-10-03,1,38,45
2023-10-04,1,38,40
2023-07-07,1,39,50
2023-07-08,1,39,21
2023-07-09,1,39,37
2023-07-10,1,39,28
2023-07-11,1,39,41
2023-07-12,1,39,41
2023-07-13,1,39,31
2023-07-14,1,39,49
2023-07-15,1,39,25
2023-07-16,1,39,27
2023-07-17,1,39,28
2023-07-18,1,39,41
2023-07-19,1,39,40
2023-07-20,1,39,47
2023-07-21,1,39,36
2023-07-22,1,39,29
2023-07-23,1,39,35
2023-07-24,1,39,29
2023-07-25,1,39,41
2023-07-26,1,39,44
2023-07-27,1,39,38
2023-07-28,1,39,51
2023-07-29,1,39,32
2023-07-30,1,39,39
2023-07-31,1,39,39
2023-08-01,1,39,37
2023-08-02,1,39,44
2023-08-03,1,39,45
2023-08-04,1,39,43
2023-08-05,1,39,18
2023-08-06,1,39,31
2023-08-07,1,39,43
2023-08-08,1,39,38
2023-08-09,1,39,33
2023-08-10,1,39,42
2023-08-11,1,39,57
2023-08-12,1,39,35
2023-08-13,1,39,37
2023-08-14,1,39,39
2023-08-15,1,39,29
2023-08-16,1,39,31
2023-08-17,1,39,43
2023-08-18,1,39,43
2023-08-19,1,39,17
2023-08-20,1,39,31
2023-08-21,1,39,33
2023-08-22,1,39,42
2023-08-23,1,39,39
2023-08-24,1,39,44
2023-08-25,1,39,48
2023-08-26,1,39,42
2023-08-27,1,39,29
2023-08-28,1,39,35
2023-08-29,1,39,44
2023-08-30,1,39,44
2023-08-31,1,39,53
2023-09-01,1,39,53
2023-09-02,1,39,38
2023-09-03,1,39,49
2023-09-04,1,39,45
2023-09-05,1,39,40
2023-09-06,1,39,46
2023-09-07,1,39,50
2023-09-08,1,39,53
2023-09-09,1,39,31
2023-09-10,1,39,40
2023-09-11,1,39,44
2023-09-12,1,39,38
2023-09-13,1,39,33
2023-09-14,1,39,55
2023-09-15,1,39,47
2023-09-16,1,39,38
2023-09-17,1,39,43
2023-09-18,1,39,30
2023-09-19,1,39,34
2023-09-20,1,39,55
2023-09-21,1,39,44
2023-09-22,1,39,43
2023-09-23,1,39,38
2023-09-24,1,39,34
2023-09-25,1,39,36
2023-09-26,1,39,31
2023-09-27,1,39,37
2023-09-28,1,39,45
2023-09-29,1,39,37
2023-09-30,1,39,31
2023-10-01,1,39,29
2023-10-02,1,39,39
2023-10-03,1,39,41
2023-10-04,1,39,50
2023-07-07,1,40,42
2023-07-08,1,40,35
2023-07-09,1,40,27
2023-07-10,1,40,38
2023-07-11,1,40,35
2023-07-12,1,40,38
2023-07-13,1,40,41
2023-07-14,1,40,37
2023-07-15,1,40,44
2023-07-16,1,40,39
2023-07-17,1,40,28
2023-07-18,1,40,29
2023-07-19,1,40,33
2023-07-20,1,40,33
2023-07-21,1,40,43
2023-07-22,1,40,43
2023-07-23,1,40,39
2023-07-24,1,40,20
2023-07-25,1,40,27
2023-07-26,1,40,39
2023-07-27,1,40,42
2023-07-28,1,40,39
2023-07-29,1,40,39
2023-07-30,1,40,32
2023-07-31,1,40,24
2023-08-01,1,40,29
2023-08-02,1,40,33
2023-08-03,1,40,29
2023-08-04,1,40,49
2023-08-05,1,40,35
2023-08-06,1,40,31
2023-08-07,1,40,33
2023-08-08,1,40,28
2023-08-09,1,40,29
2023-08-10,1,40,38
2023-08-11,1,40,36
2023-08-12,1,40,47
2023-08-13,1,40,26
2023-08-14,1,40,30
2023-08-15,1,40,23
2023-08-16,1,40,38
2023-08-17,1,40,28
2023-08-18,1,40,35
2023-08-19,1,40,38
2023-08-20,1,40,32
2023-08-21,1,40,24
2023-08-22,1,40,30
2023-08-23,1,40,29
2023-08-24,1,40,42
2023-08-25,1,40,32
2023-08-26,1,40,42
2023-08-27,1,40,21
2023-08-28,1,40,28
2023-08-29,1,40,23
2023-08-30,1,40,36
2023-08-31,1,40,47
2023-09-01,1,40,30
2023-09-02,1,40,42
2023-09-03,1,40,16
2023-09-04,1,40,37
2023-09-05,1,40,39
2023-09-06,1,40,33
2023-09-07,1,40,32
2023-09-08,1,40,34
2023-09-09,1,40,36
2023-09-10,1,40,27
2023-09-11,1,40,29
2023-09-12,1,40,25
2023-09-13,1,40,20
2023-09-14,1,40,38
2023-09-15,1,40,43
2023-09-16,1,40,33
2023-09-17,1,40,28
2023-09-18,1,40,37
2023-09-19,1,40,29
2023-09-20,1,40,43
2023-09-21,1,40,28
2023-09-22,1,40,34
2023-09-23,1,40,34
2023-09-24,1,40,32
2023-09-25,1,40,22
2023-09-26,1,40,35
2023-09-27,1,40,35
2023-09-28,1,40,33
2023-09-29,1,40,46
2023-09-30,1,40,38
2023-10-01,1,40,28
2023-10-02,1,40,28
2023-10-03,1,40,29
2023-10-04,1,40,28
2023-07-07,1,41,32
2023-07-08,1,41,38
2023-07-09,1,41,33
2023-07-10,1,41,21
2023-07-11,1,41,32
2023-07-12,1,41,19
2023-07-13,1,41,28
2023-07-14,1,41,34
2023-07-15,1,41,45
2023-07-16,1,41,45
2023-07-17,1,41,27
2023-07-18,1,41,41
2023-07-19,1,41,33
2023-07-20,1,41,41
2023-07-21,1,41,38
2023-07-22,1,41,26
2023-07-23,1,41,44
2023-07-24,1,41,29
2023-07-25,1,41,36
2023-07-26,1,41,24
2023-07-27,1,41,31
2023-07-28,1,41,31
2023-07-29,1,41,24
2023-07-30,1,41,20
2023-07-31,1,41,10
2023-08-01,1,41,14
2023-08-02,1,41,12
2023-08-03,1,41,21
2023-08-04,1,41,27
2023-08-05,1,41,29
2023-08-06,1,41,29
2023-08-07,1,41,16
2023-08-08,1,41,20
2023-08-09,1,41,23
2023-08-10,1,41,18
2023-08-11,1,41,25
2023-08-12,1,41,30
2023-08-13,1,41,45
2023-08-14,1,41,20
2023-08-15,1,41,16
2023-08-16,1,41,19
2023-08-17,1,41,21
2023-08-18,1,41,28
2023-08-19,1,41,18
2023-08-20,1,41,28
2023-08-21,1,41,18
2023-08-22,1,41,25
2023-08-23,1,41,19
2023-08-24,1,41,21
2023-08-25,1,41,18
2023-08-26,1,41,24
2023-08-27,1,41,31
2023-08-28,1,41,19
2023-08-29,1,41,8
2023-08-30,1,41,10
2023-08-31,1,41,15
2023-09-01,1,41,22
2023-09-02,1,41,22
2023-09-03,1,41,7
2023-09-04,1,41,15
2023-09-05,1,41,9
2023-09-06,1,41,7
2023-09-07,1,41,19
2023-09-08,1,41,16
2023-09-09,1,41,14
2023-09-10,1,41,9
2023-09-11,1,41,14
2023-09-12,1,41,13
2023-09-13,1,41,18
2023-09-14,1,41,19
2023-09-15,1,41,19
2023-09-16,1,41,18
2023-09-17,1,41,14
2023-09-18,1,41,13
2023-09-19,1,41,17
2023-09-20,1,41,12
2023-09-21,1,41,19
2023-09-22,1,41,14
2023-09-23,1,41,13
2023-09-24,1,41,5
2023-09-25,1,41,20
2023-09-26,1,41,16
2023-09-27,1,41,17
2023-09-28,1,41,21
2023-09-29,1,41,21
2023-09-30,1,41,18
2023-10-01,1,41,10
2023-10-02,1,41,17
2023-10-03,1,41,15
2023-10-04,1,41,10
2023-07-07,1,42,8
2023-07-08,1,42,20
2023-07-09,1,42,6
2023-07-10,1,42,13
2023-07-11,1,42,14
2023-07-12,1,42,12
2023-07-13,1,42,12
2023-07-14,1,42,14
2023-07-15,1,42,15
2023-07-16,1,42,20
2023-07-17,1,42,10
2023-07-18,1,42,4
2023-07-19,1,42,12
2023-07-20,1,42,19
2023-07-21,1,42,17
2023-07-22,1,42,20
2023-07-23,1,42,24
2023-07-24,1,42,17
2023-07-25,1,42,13
2023-07-26,1,42,17
2023-07-27,1,42,22
2023-07-28,1,42,15
2023-07-29,1,42,19
2023-07-30,1,42,21
2023-07-31,1,42,17
2023-08-01,1,42,22
2023-08-02,1,42,19
2023-08-03,1,42,19
2023-08-04,1,42,26
2023-08-05,1,42,19
2023-08-06,1,42,21
2023-08-07,1,42,16
2023-08-08,1,42,19
2023-08-09,1,42,21
2023-08-10,1,42,22
2023-08-11,1,42,15
2023-08-12,1,42,21
2023-08-13,1,42,23
2023-08-14,1,42,11
2023-08-15,1,42,16
2023-08-16,1,42,13
2023-08-17,1,42,15
2023-08-18,1,42,23
2023-08-19,1,42,17
2023-08-20,1,42,26
2023-08-21,1,42,15
2023-08-22,1,42,25
2023-08-23,1,42,19
2023-08-24,1,42,17
2023-08-25,1,42,14
2023-08-26,1,42,21
2023-08-27,1,42,20
2023-08-28,1,42,15
2023-08-29,1,42,22
2023-08-30,1,42,21
2023-08-31,1,42,24
2023-09-01,1,42,20
2023-09-02,1,42,36
2023-09-03,1,42,31
2023-09-04,1,42,20
2023-09-05,1,42,12
2023-09-06,1,42,19
2023-09-07,1,42,29
2023-09-08,1,42,24
2023-09-09,1,42,25
2023-09-10,1,42,31
2023-09-11,1,42,15
2023-09-12,1,42,24
2023-09-13,1,42,15
2023-09-14,1,42,19
2023-09-15,1,42,23
2023-09-16,1,42,23
2023-09-17,1,42,19
2023-09-18,1,42,20
2023-09-19,1,42,31
2023-09-20,1,42,16
2023-09-21,1,42,24
2023-09-22,1,42,15
2023-09-23,1,42,35
2023-09-24,1,42,34
2023-09-25,1,42,12
2023-09-26,1,42,19
2023-09-27,1,42,24
2023-09-28,1,42,21
2023-09-29,1,42,23
2023-09-30,1,42,31
2023-10-01,1,42,30
2023-10-02,1,42,18
2023-10-03,1,42,21
2023-10-04,1,42,23
2023-07-07,1,43,33
2023-07-08,1,43,28
2023-07-09,1,43,28
2023-07-10,1,43,24
2023-07-11,1,43,15
2023-07-12,1,43,23
2023-07-13,1,43,15
2023-07-14,1,43,30
2023-07-15,1,43,28
2023-07-16,1,43,27
2023-07-17,1,43,25
2023-07-18,1,43,19
2023-07-19,1,43,15
2023-07-20,1,43,25
2023-07-21,1,43,18
2023-07-22,1,43,22
2023-07-23,1,43,27
2023-07-24,1,43,29
2023-07-25,1,43,26
2023-07-26,1,43,20
2023-07-27,1,43,26
2023-07-28,1,43,14
2023-07-29,1,43,27
2023-07-30,1,43,26
2023-07-31,1,43,28
2023-08-01,1,43,17
2023-08-02,1,43,24
2023-08-03,1,43,23
2023-08-04,1,43,20
2023-08-05,1,43,24
2023-08-06,1,43,31
2023-08-07,1,43,29
2023-08-08,1,43,17
2023-08-09,1,43,25
2023-08-10,1,43,26
2023-08-11,1,43,28
2023-08-12,1,43,26
2023-08-13,1,43,20
2023-08-14,1,43,22
2023-08-15,1,43,22
2023-08-16,1,43,26
2023-08-17,1,43,20
2023-08-18,1,43,33
2023-08-19,1,43,25
2023-08-20,1,43,28
2023-08-21,1,43,29
2023-08-22,1,43,20
2023-08-23,1,43,20
2023-08-24,1,43,22
2023-08-25,1,43,24
2023-08-26,1,43,32
2023-08-27,1,43,28
2023-08-28,1,43,33
2023-08-29,1,43,20
2023-08-30,1,43,24
2023-08-31,1,43,20
2023-09-01,1,43,25
2023-09-02,1,43,29
2023-09-03,1,43,29
2023-09-04,1,43,31
2023-09-05,1,43,22
2023-09-06,1,43,32
2023-09-07,1,43,19
2023-09-08,1,43,21
2023-09-09,1,43,29
2023-09-10,1,43,21
2023-09-11,1,43,35
2023-09-12,1,43,24
2023-09-13,1,43,20
2023-09-14,1,43,24
2023-09-15,1,43,30
2023-09-16,1,43,32
2023-09-17,1,43,30
2023-09-18,1,43,35
2023-09-19,1,43,16
2023-09-20,1,43,21
2023-09-21,1,43,21
2023-09-22,1,43,33
2023-09-23,1,43,28
2023-09-24,1,43,32
2023-09-25,1,43,30
2023-09-26,1,43,22
2023-09-27,1,43,16
2023-09-28,1,43,23
2023-09-29,1,43,21
2023-09-30,1,43,25
2023-10-01,1,43,30
2023-10-02,1,43,21
2023-10-03,1,43,27
2023-10-04,1,43,30
2023-07-07,1,44,30
2023-07-08,1,44,18
2023-07-09,1,44,21
2023-07-10,1,44,27
2023-07-11,1,44,38
2023-07-12,1,44,9
2023-07-13,1,44,27
2023-07-14,1,44,26
2023-07-15,1,44,23
2023-07-16,1,44,26
2023-07-17,1,44,28
2023-07-18,1,44,27
2023-07-19,1,44,22
2023-07-20,1,44,33
2023-07-21,1,44,28
2023-07-22,1,44,21
2023-07-23,1,44,29
2023-07-24,1,44,20
2023-07-25,1,44,32
2023-07-26,1,44,16
2023-07-27,1,44,14
2023-07-28,1,44,21
2023-07-29,1,44,31
2023-07-30,1,44,23
2023-07-31,1,44,25
2023-08-01,1,44,25
2023-08-02,1,44,14
2023-08-03,1,44,18
2023-08-04,1,44,17
2023-08-05,1,44,20
2023-08-06,1,44,11
2023-08-07,1,44,29
2023-08-08,1,44,25
2023-08-09,1,44,23
2023-08-10,1,44,21
2023-08-11,1,44,17
2023-08-12,1,44,21
2023-08-13,1,44,25
2023-08-14,1,44,29
2023-08-15,1,44,30
2023-08-16,1,44,16
2023-08-17,1,44,20
2023-08-18,1,44,18
2023-08-19,1,44,23
2023-08-20,1,44,17
2023-08-21,1,44,27
2023-08-22,1,44,22
2023-08-23,1,44,19
2023-08-24,1,44,18
2023-08-25,1,44,25
2023-08-26,1,44,19
2023-08-27,1,44,19
2023-08-28,1,44,30
2023-08-29,1,44,37
2023-08-30,1,44,15
2023-08-31,1,44,18
2023-09-01,1,44,20
2023-09-02,1,44,22
2023-09-03,1,44,26
2023-09-04,1,44,11
2023-09-05,1,44,31
2023-09-06,1,44,25
2023-09-07,1,44,16
2023-09-08,1,44,20
2023-09-09,1,44,15
2023-09-10,1,44,22
2023-09-11,1,44,23
2023-09-12,1,44,20
2023-09-13,1,44,14
2023-09-14,1,44,24
2023-09-15,1,44,16
2023-09-16,1,44,24
2023-09-17,1,44,21
2023-09-18,1,44,25
2023-09-19,1,44,18
2023-09-20,1,44,13
2023-09-21,1,44,28
2023-09-22,1,44,16
2023-09-23,1,44,18
2023-09-24,1,44,18
2023-09-25,1,44,24
2023-09-26,1,44,23
2023-09-27,1,44,16
2023-09-28,1,44,28
2023-09-29,1,44,12
2023-09-30,1,44,19
2023-10-01,1,44,29
2023-10-02,1,44,20
2023-10-03,1,44,34
2023-10-04,1,44,20
2023-07-07,1,45,17
2023-07-08,1,45,13
2023-07-09,1,45,15
2023-07-10,1,45,28
2023-07-11,1,45,18
2023-07-12,1,45,31
2023-07-13,1,45,20
2023-07-14,1,45,20
2023-07-15,1,45,20
2023-07-16,1,45,26
2023-07-17,1,45,14
2023-07-18,1,45,27
2023-07-19,1,45,22
2023-07-20,1,45,13
2023-07-21,1,45,24
2023-07-22,1,45,18
2023-07-23,1,45,28
2023-07-24,1,45,33
2023-07-25,1,45,18
2023-07-26,1,45,33
2023-07-27,1,45,23
2023-07-28,1,45,18
2023-07-29,1,45,18
2023-07-30,1,45,33
2023-07-31,1,45,14
2023-08-01,1,45,22
2023-08-02,1,45,21
2023-08-03,1,45,12
2023-08-04,1,45,13
2023-08-05,1,45,14
2023-08-06,1,45,17
2023-08-07,1,45,15
2023-08-08,1,45,15
2023-08-09,1,45,19
2023-08-10,1,45,11
2023-08-11,1,45,11
2023-08-12,1,45,14
2023-08-13,1,45,12
2023-08-14,1,45,16
2023-08-15,1,45,23
2023-08-16,1,45,14
2023-08-17,1,45,18
2023-08-18,1,45,17
2023-08-19,1,45,10
2023-08-20,1,45,15
2023-08-21,1,45,18
2023-08-22,1,45,18
2023-08-23,1,45,16
2023-08-24,1,45,14
2023-08-25,1,45,15
2023-08-26,1,45,23
2023-08-27,1,45,15
2023-08-28,1,45,18
2023-08-29,1,45,16
2023-08-30,1,45,19
2023-08-31,1,45,7
2023-09-01,1,45,12
2023-09-02,1,45,7
2023-09-03,1,45,17
2023-09-04,1,45,16
2023-09-05,1,45,21
2023-09-06,1,45,14
2023-09-07,1,45,13
2023-09-08,1,45,15
2023-09-09,1,45,17
2023-09-10,1,45,15
2023-09-11,1,45,15
2023-09-12,1,45,18
2023-09-13,1,45,15
2023-09-14,1,45,10
2023-09-15,1,45,19
2023-09-16,1,45,18
2023-09-17,1,45,19
2023-09-18,1,45,19
2023-09-19,1,45,10
2023-09-20,1,45,19
2023-09-21,1,45,15
2023-09-22,1,45,11
2023-09-23,1,45,14
2023-09-24,1,45,17
2023-09-25,1,45,15
2023-09-26,1,45,26
2023-09-27,1,45,18
2023-09-28,1,45,17
2023-09-29,1,45,10
2023-09-30,1,45,8
2023-10-01,1,45,19
2023-10-02,1,45,12
2023-10-03,1,45,10
2023-10-04,1,45,13
2023-07-07,1,46,19
2023-07-08,1,46,20
2023-07-09,1,46,19
2023-07-10,1,46,21
2023-07-11,1,46,26
2023-07-12,1,46,21
2023-07-13,1,46,32
2023-07-14,1,46,10
2023-07-15,1,46,17
2023-07-16,1,46,18
2023-07-17,1,46,18
2023-07-18,1,46,14
2023-07-19,1,46,19
2023-07-20,1,46,13
2023-07-21,1,46,10
2023-07-22,1,46,14
2023-07-23,1,46,14
2023-07-24,1,46,15
2023-07-25,1,46,19
2023-07-26,1,46,16
2023-07-27,1,46,18
2023-07-28,1,46,16
2023-07-29,1,46,26
2023-07-30,1,46,20
2023-07-31,1,46,24
2023-08-01,1,46,21
2023-08-02,1,46,19
2023-08-03,1,46,26
2023-08-04,1,46,17
2023-08-05,1,46,18
2023-08-06,1,46,22
2023-08-07,1,46,28
2023-08-08,1,46,23
2023-08-09,1,46,22
2023-08-10,1,46,28
2023-08-11,1,46,19
2023-08-12,1,46,22
2023-08-13,1,46,20
2023-08-14,1,46,23
2023-08-15,1,46,14
2023-08-16,1,46,21
2023-08-17,1,46,30
2023-08-18,1,46,15
2023-08-19,1,46,17
2023-08-20,1,46,22
2023-08-21,1,46,25
2023-08-22,1,46,25
2023-08-23,1,46,23
2023-08-24,1,46,31
2023-08-25,1,46,17
2023-08-26,1,46,15
2023-08-27,1,46,33
2023-08-28,1,46,22
2023-08-29,1,46,21
2023-08-30,1,46,29
2023-08-31,1,46,26
2023-09-01,1,46,12
2023-09-02,1,46,27
2023-09-03,1,46,29
2023-09-04,1,46,24
2023-09-05,1,46,19
2023-09-06,1,46,29
2023-09-07,1,46,29
2023-09-08,1,46,14
2023-09-09,1,46,22
2023-09-10,1,46,19
2023-09-11,1,46,27
2023-09-12,1,46,26
2023-09-13,1,46,32
2023-09-14,1,46,26
2023-09-15,1,46,19
2023-09-16,1,46,15
2023-09-17,1,46,24
2023-09-18,1,46,20
2023-09-19,1,46,31
2023-09-20,1,46,24
2023-09-21,1,46,26
2023-09-22,1,46,20
2023-09-23,1,46,20
2023-09-24,1,46,28
2023-09-25,1,46,26
2023-09-26,1,46,27
2023-09-27,1,46,22
2023-09-28,1,46,40
2023-09-29,1,46,15
2023-09-30,1,46,28
2023-10-01,1,46,20
2023-10-02,1,46,27
2023-10-03,1,46,19
2023-10-04,1,46,33
2023-07-07,1,47,32
2023-07-08,1,47,15
2023-07-09,1,47,30
2023-07-10,1,47,21
2023-07-11,1,47,24
2023-07-12,1,47,35
2023-07-13,1,47,39
2023-07-14,1,47,38
2023-07-15,1,47,19
2023-07-16,1,47,26
2023-07-17,1,47,34
2023-07-18,1,47,25
2023-07-19,1,47,31
2023-07-20,1,47,40
2023-07-21,1,47,23
2023-07-22,1,47,16
2023-07-23,1,47,24
2023-07-24,1,47,34
2023-07-25,1,47,24
2023-07-26,1,47,24
2023-07-27,1,47,31
2023-07-28,1,47,31
2023-07-29,1,47,29
2023-07-30,1,47,26
2023-07-31,1,47,30
2023-08-01,1,47,30
2023-08-02,1,47,30
2023-08-03,1,47,35
2023-08-04,1,47,35
2023-08-05,1,47,24
2023-08-06,1,47,27
2023-08-07,1,47,22
2023-08-08,1,47,22
2023-08-09,1,47,22
2023-08-10,1,47,40
2023-08-11,1,47,34
2023-08-12,1,47,23
2023-08-13,1,47,34
2023-08-14,1,47,34
2023-08-15,1,47,31
2023-08-16,1,47,34
2023-08-17,1,47,39
2023-08-18,1,47,25
2023-08-19,1,47,23
2023-08-20,1,47,18
2023-08-21,1,47,23
2023-08-22,1,47,29
2023-08-23,1,47,26
2023-08-24,1,47,44
2023-08-25,1,47,31
2023-08-26,1,47,27
2023-08-27,1,47,31
2023-08-28,1,47,27
2023-08-29,1,47,22
2023-08-30,1,47,30
2023-08-31,1,47,28
2023-09-01,1,47,26
2023-09-02,1,47,19
2023-09-03,1,47,24
2023-09-04,1,47,25
2023-09-05,1,47,31
2023-09-06,1,47,31
2023-09-07,1,47,39
2023-09-08,1,47,24
2023-09-09,1,47,23
2023-09-10,1,47,26
2023-09-11,1,47,28
2023-09-12,1,47,22
2023-09-13,1,47,36
2023-09-14,1,47,39
2023-09-15,1,47,31
2023-09-16,1,47,36
2023-09-17,1,47,16
2023-09-18,1,47,44
2023-09-19,1,47,29
2023-09-20,1,47,33
2023-09-21,1,47,33
2023-09-22,1,47,43
2023-09-23,1,47,22
2023-09-24,1,47,31
2023-09-25,1,47,37
2023-09-26,1,47,29
2023-09-27,1,47,44
2023-09-28,1,47,34
2023-09-29,1,47,39
2023-09-30,1,47,29
2023-10-01,1,47,21
2023-10-02,1,47,19
2023-10-03,1,47,24
2023-10-04,1,47,34
2023-07-07,1,48,35
2023-07-08,1,48,28
2023-07-09,1,48,16
2023-07-10,1,48,16
2023-07-11,1,48,33
2023-07-12,1,48,27
2023-07-13,1,48,30
2023-07-14,1,48,20
2023-07-15,1,48,31
2023-07-16,1,48,17
2023-07-17,1,48,26
2023-07-18,1,48,23
2023-07-19,1,48,23
2023-07-20,1,48,26
2023-07-21,1,48,33
2023-07-22,1,48,30
2023-07-23,1,48,18
2023-07-24,1,48,34
2023-07-25,1,48,23
2023-07-26,1,48,29
2023-07-27,1,48,30
2023-07-28,1,48,35
2023-07-29,1,48,32
2023-07-30,1,48,26
2023-07-31,1,48,24
2023-08-01,1,48,31
2023-08-02,1,48,16
2023-08-03,1,48,27
2023-08-04,1,48,27
2023-08-05,1,48,24
2023-08-06,1,48,23
2023-08-07,1,48,20
2023-08-08,1,48,22
2023-08-09,1,48,27
2023-08-10,1,48,28
2023-08-11,1,48,28
2023-08-12,1,48,31
2023-08-13,1,48,21
2023-08-14,1,48,26
2023-08-15,1,48,21
2023-08-16,1,48,23
2023-08-17,1,48,28
2023-08-18,1,48,34
2023-08-19,1,48,31
2023-08-20,1,48,16
2023-08-21,1,48,19
2023-08-22,1,48,25
2023-08-23,1,48,26
2023-08-24,1,48,31
2023-08-25,1,48,24
2023-08-26,1,48,29
2023-08-27,1,48,16
2023-08-28,1,48,14
2023-08-29,1,48,25
2023-08-30,1,48,14
2023-08-31,1,48,26
2023-09-01,1,48,35
2023-09-02,1,48,27
2023-09-03,1,48,17
2023-09-04,1,48,21
2023-09-05,1,48,24
2023-09-06,1,48,28
2023-09-07,1,48,22
2023-09-08,1,48,20
2023-09-09,1,48,32
2023-09-10,1,48,13
2023-09-11,1,48,24
2023-09-12,1,48,26
2023-09-13,1,48,29
2023-09-14,1,48,22
2023-09-15,1,48,26
2023-09-16,1,48,29
2023-09-17,1,48,19
2023-09-18,1,48,26
2023-09-19,1,48,15
2023-09-20,1,48,29
2023-09-21,1,48,28
2023-09-22,1,48,40
2023-09-23,1,48,30
2023-09-24,1,48,13
2023-09-25,1,48,35
2023-09-26,1,48,14
2023-09-27,1,48,19
2023-09-28,1,48,20
2023-09-29,1,48,16
2023-09-30,1,48,21
2023-10-01,1,48,21
2023-10-02,1,48,20
2023-10-03,1,48,20
2023-10-04,1,48,27
2023-07-07,1,49,22
2023-07-08,1,49,26
2023-07-09,1,49,29
2023-07-10,1,49,14
2023-07-11,1,49,20
2023-07-12,1,49,22
2023-07-13,1,49,27
2023-07-14,1,49,34
2023-07-15,1,49,25
2023-07-16,1,49,22
2023-07-17,1,49,22
2023-07-18,1,49,26
2023-07-19,1,49,25
2023-07-20,1,49,21
2023-07-21,1,49,23
2023-07-22,1,49,32
2023-07-23,1,49,32
2023-07-24,1,49,23
2023-07-25,1,49,23
2023-07-26,1,49,28
2023-07-27,1,49,38
2023-07-28,1,49,34
2023-07-29,1,49,26
2023-07-30,1,49,22
2023-07-31,1,49,22
2023-08-01,1,49,26
2023-08-02,1,49,27
2023-08-03,1,49,31
2023-08-04,1,49,23
2023-08-05,1,49,27
2023-08-06,1,49,28
2023-08-07,1,49,14
2023-08-08,1,49,12
2023-08-09,1,49,14
2023-08-10,1,49,20
2023-08-11,1,49,21
2023-08-12,1,49,19
2023-08-13,1,49,16
2023-08-14,1,49,15
2023-08-15,1,49,20
2023-08-16,1,49,11
2023-08-17,1,49,15
2023-08-18,1,49,20
2023-08-19,1,49,23
2023-08-20,1,49,22
2023-08-21,1,49,17
2023-08-22,1,49,11
2023-08-23,1,49,28
2023-08-24,1,49,12
2023-08-25,1,49,17
2023-08-26,1,49,26
2023-08-27,1,49,21
2023-08-28,1,49,16
2023-08-29,1,49,24
2023-08-30,1,49,15
2023-08-31,1,49,16
2023-09-01,1,49,18
2023-09-02,1,49,20
2023-09-03,1,49,25
2023-09-04,1,49,12
2023-09-05,1,49,13
2023-09-06,1,49,11
2023-09-07,1,49,15
2023-09-08,1,49,16
2023-09-09,1,49,20
2023-09-10,1,49,18
2023-09-11,1,49,8
2023-09-12,1,49,15
2023-09-13,1,49,17
2023-09-14,1,49,18
2023-09-15,1,49,23
2023-09-16,1,49,23
2023-09-17,1,49,16
2023-09-18,1,49,13
2023-09-19,1,49,14
2023-09-20,1,49,10
2023-09-21,1,49,7
2023-09-22,1,49,16
2023-09-23,1,49,23
2023-09-24,1,49,23
2023-09-25,1,49,14
2023-09-26,1,49,16
2023-09-27,1,49,19
2023-09-28,1,49,13
2023-09-29,1,49,23
2023-09-30,1,49,17
2023-10-01,1,49,17
2023-10-02,1,49,16
2023-10-03,1,49,23
2023-10-04,1,49,13
2023-07-07,1,50,11
2023-07-08,1,50,16
2023-07-09,1,50,27
2023-07-10,1,50,21
2023-07-11,1,50,12
2023-07-12,1,50,10
2023-07-13,1,50,19
2023-07-14,1,50,18
2023-07-15,1,50,19
2023-07-16,1,50,22
2023-07-17,1,50,14
2023-07-18,1,50,17
2023-07-19,1,50,12
2023-07-20,1,50,17
2023-07-21,1,50,25
2023-07-22,1,50,18
2023-07-23,1,50,24
2023-07-24,1,50,19
2023-07-25,1,50,18
2023-07-26,1,50,9
2023-07-27,1,50,17
2023-07-28,1,50,17
2023-07-29,1,50,16
2023-07-30,1,50,18
2023-07-31,1,50,33
2023-08-01,1,50,14
2023-08-02,1,50,13
2023-08-03,1,50,18
2023-08-04,1,50,14
2023-08-05,1,50,17
2023-08-06,1,50,15
2023-08-07,1,50,19
2023-08-08,1,50,21
2023-08-09,1,50,18
2023-08-10,1,50,27
2023-08-11,1,50,17
2023-08-12,1,50,25
2023-08-13,1,50,28
2023-08-14,1,50,25
2023-08-15,1,50,10
2023-08-16,1,50,16
2023-08-17,1,50,21
2023-08-18,1,50,21
2023-08-19,1,50,26
2023-08-20,1,50,26
2023-08-21,1,50,21
2023-08-22,1,50,21
2023-08-23,1,50,22
2023-08-24,1,50,15
2023-08-25,1,50,21
2023-08-26,1,50,23
2023-08-27,1,50,27
2023-08-28,1,50,30
2023-08-29,1,50,17
2023-08-30,1,50,27
2023-08-31,1,50,21
2023-09-01,1,50,24
2023-09-02,1,50,26
2023-09-03,1,50,26
2023-09-04,1,50,41
2023-09-05,1,50,14
2023-09-06,1,50,16
2023-09-07,1,50,20
2023-09-08,1,50,29
2023-09-09,1,50,32
2023-09-10,1,50,32
2023-09-11,1,50,30
2023-09-12,1,50,23
2023-09-13,1,50,26
2023-09-14,1,50,28
2023-09-15,1,50,31
2023-09-16,1,50,24
2023-09-17,1,50,38
2023-09-18,1,50,32
2023-09-19,1,50,24
2023-09-20,1,50,38
2023-09-21,1,50,28
2023-09-22,1,50,27
2023-09-23,1,50,23
2023-09-24,1,50,34
2023-09-25,1,50,22
2023-09-26,1,50,22
2023-09-27,1,50,19
2023-09-28,1,50,18
2023-09-29,1,50,22
2023-09-30,1,50,23
2023-10-01,1,50,36
2023-10-02,1,50,39
2023-10-03,1,50,26
2023-10-04,1,50,17
