id,date,store,item
0,2023-10-05,1,1
1,2023-10-05,1,1
2,2023-10-05,1,1
3,2023-10-05,1,1
4,2023-10-05,1,1
5,2023-10-05,1,1
6,2023-10-05,1,1
7,2023-10-05,1,1
8,2023-10-05,1,1
9,2023-10-05,1,1
10,2023-10-05,1,1
11,2023-10-05,1,1
12,2023-10-05,1,1
13,2023-10-05,1,1
14,2023-10-05,1,1
15,2023-10-05,1,1
16,2023-10-05,1,1
17,2023-10-05,1,1
18,2023-10-05,1,1
19,2023-10-05,1,1
20,2023-10-05,1,1
21,2023-10-05,1,1
22,2023-10-05,1,1
23,2023-10-05,1,1
24,2023-10-05,1,1
25,2023-10-05,1,1
26,2023-10-05,1,1
27,2023-10-05,1,1
28,2023-10-05,1,1
29,2023-10-05,1,1
30,2023-10-05,1,1
31,2023-10-05,1,1
32,2023-10-05,1,1
33,2023-10-05,1,1
34,2023-10-05,1,1
35,2023-10-05,1,1
36,2023-10-05,1,1
37,2023-10-05,1,1
38,2023-10-05,1,1
39,2023-10-05,1,1
40,2023-10-05,1,1
41,2023-10-05,1,1
42,2023-10-05,1,1
43,2023-10-05,1,1
44,2023-10-05,1,1
45,2023-10-05,1,1
46,2023-10-05,1,1
47,2023-10-05,1,1
48,2023-10-05,1,1
49,2023-10-05,1,1
50,2023-10-06,1,1
51,2023-10-06,1,1
52,2023-10-06,1,1
53,2023-10-06,1,1
54,2023-10-06,1,1
55,2023-10-06,1,1
56,2023-10-06,1,1
57,2023-10-06,1,1
58,2023-10-06,1,1
59,2023-10-06,1,1
60,2023-10-06,1,1
61,2023-10-06,1,1
62,2023-10-06,1,1
63,2023-10-06,1,1
64,2023-10-06,1,1
65,2023-10-06,1,1
66,2023-10-06,1,1
67,2023-10-06,1,1
68,2023-10-06,1,1
69,2023-10-06,1,1
70,2023-10-06,1,1
71,2023-10-06,1,1
72,2023-10-06,1,1
73,2023-10-06,1,1
74,2023-10-06,1,1
75,2023-10-06,1,1
76,2023-10-06,1,1
77,2023-10-06,1,1
78,2023-10-06,1,1
79,2023-10-06,1,1
80,2023-10-06,1,1
81,2023-10-06,1,1
82,2023-10-06,1,1
83,2023-10-06,1,1
84,2023-10-06,1,1
85,2023-10-06,1,1
86,2023-10-06,1,1
87,2023-10-06,1,1
88,2023-10-06,1,1
89,2023-10-06,1,1
90,2023-10-06,1,2
91,2023-10-06,1,2
92,2023-10-06,1,2
93,2023-10-06,1,2
94,2023-10-06,1,2
95,2023-10-06,1,2
96,2023-10-06,1,2
97,2023-10-06,1,2
98,2023-10-06,1,2
99,2023-10-06,1,2
100,2023-10-07,1,2
101,2023-10-07,1,2
102,2023-10-07,1,2
103,2023-10-07,1,2
104,2023-10-07,1,2
105,2023-10-07,1,2
106,2023-10-07,1,2
107,2023-10-07,1,2
108,2023-10-07,1,2
109,2023-10-07,1,2
110,2023-10-07,1,2
111,2023-10-07,1,2
112,2023-10-07,1,2
113,2023-10-07,1,2
114,2023-10-07,1,2
115,2023-10-07,1,2
116,2023-10-07,1,2
117,2023-10-07,1,2
118,2023-10-07,1,2
119,2023-10-07,1,2
120,2023-10-07,1,2
121,2023-10-07,1,2
122,2023-10-07,1,2
123,2023-10-07,1,2
124,2023-10-07,1,2
125,2023-10-07,1,2
126,2023-10-07,1,2
127,2023-10-07,1,2
128,2023-10-07,1,2
129,2023-10-07,1,2
130,2023-10-07,1,2
131,2023-10-07,1,2
132,2023-10-07,1,2
133,2023-10-07,1,2
134,2023-10-07,1,2
135,2023-10-07,1,2
136,2023-10-07,1,2
137,2023-10-07,1,2
138,2023-10-07,1,2
139,2023-10-07,1,2
140,2023-10-07,1,2
141,2023-10-07,1,2
142,2023-10-07,1,2
143,2023-10-07,1,2
144,2023-10-07,1,2
145,2023-10-07,1,2
146,2023-10-07,1,2
147,2023-10-07,1,2
148,2023-10-07,1,2
149,2023-10-07,1,2
150,2023-10-08,1,2
151,2023-10-08,1,2
152,2023-10-08,1,2
153,2023-10-08,1,2
154,2023-10-08,1,2
155,2023-10-08,1,2
156,2023-10-08,1,2
157,2023-10-08,1,2
158,2023-10-08,1,2
159,2023-10-08,1,2
160,2023-10-08,1,2
161,2023-10-08,1,2
162,2023-10-08,1,2
163,2023-10-08,1,2
164,2023-10-08,1,2
165,2023-10-08,1,2
166,2023-10-08,1,2
167,2023-10-08,1,2
168,2023-10-08,1,2
169,2023-10-08,1,2
170,2023-10-08,1,2
171,2023-10-08,1,2
172,2023-10-08,1,2
173,2023-10-08,1,2
174,2023-10-08,1,2
175,2023-10-08,1,2
176,2023-10-08,1,2
177,2023-10-08,1,2
178,2023-10-08,1,2
179,2023-10-08,1,2
180,2023-10-08,1,3
181,2023-10-08,1,3
182,2023-10-08,1,3
183,2023-10-08,1,3
184,2023-10-08,1,3
185,2023-10-08,1,3
186,2023-10-08,1,3
187,2023-10-08,1,3
188,2023-10-08,1,3
189,2023-10-08,1,3
190,2023-10-08,1,3
191,2023-10-08,1,3
192,2023-10-08,1,3
193,2023-10-08,1,3
194,2023-10-08,1,3
195,2023-10-08,1,3
196,2023-10-08,1,3
197,2023-10-08,1,3
198,2023-10-08,1,3
199,2023-10-08,1,3
200,2023-10-09,1,3
201,2023-10-09,1,3
202,2023-10-09,1,3
203,2023-10-09,1,3
204,2023-10-09,1,3
205,2023-10-09,1,3
206,2023-10-09,1,3
207,2023-10-09,1,3
208,2023-10-09,1,3
209,2023-10-09,1,3
210,2023-10-09,1,3
211,2023-10-09,1,3
212,2023-10-09,1,3
213,2023-10-09,1,3
214,2023-10-09,1,3
215,2023-10-09,1,3
216,2023-10-09,1,3
217,2023-10-09,1,3
218,2023-10-09,1,3
219,2023-10-09,1,3
220,2023-10-09,1,3
221,2023-10-09,1,3
222,2023-10-09,1,3
223,2023-10-09,1,3
224,2023-10-09,1,3
225,2023-10-09,1,3
226,2023-10-09,1,3
227,2023-10-09,1,3
228,2023-10-09,1,3
229,2023-10-09,1,3
230,2023-10-09,1,3
231,2023-10-09,1,3
232,2023-10-09,1,3
233,2023-10-09,1,3
234,2023-10-09,1,3
235,2023-10-09,1,3
236,2023-10-09,1,3
237,2023-10-09,1,3
238,2023-10-09,1,3
239,2023-10-09,1,3
240,2023-10-09,1,3
241,2023-10-09,1,3
242,2023-10-09,1,3
243,2023-10-09,1,3
244,2023-10-09,1,3
245,2023-10-09,1,3
246,2023-10-09,1,3
247,2023-10-09,1,3
248,2023-10-09,1,3
249,2023-10-09,1,3
250,2023-10-10,1,3
251,2023-10-10,1,3
252,2023-10-10,1,3
253,2023-10-10,1,3
254,2023-10-10,1,3
255,2023-10-10,1,3
256,2023-10-10,1,3
257,2023-10-10,1,3
258,2023-10-10,1,3
259,2023-10-10,1,3
260,2023-10-10,1,3
261,2023-10-10,1,3
262,2023-10-10,1,3
263,2023-10-10,1,3
264,2023-10-10,1,3
265,2023-10-10,1,3
266,2023-10-10,1,3
267,2023-10-10,1,3
268,2023-10-10,1,3
269,2023-10-10,1,3
270,2023-10-10,1,4
271,2023-10-10,1,4
272,2023-10-10,1,4
273,2023-10-10,1,4
274,2023-10-10,1,4
275,2023-10-10,1,4
276,2023-10-10,1,4
277,2023-10-10,1,4
278,2023-10-10,1,4
279,2023-10-10,1,4
280,2023-10-10,1,4
281,2023-10-10,1,4
282,2023-10-10,1,4
283,2023-10-10,1,4
284,2023-10-10,1,4
285,2023-10-10,1,4
286,2023-10-10,1,4
287,2023-10-10,1,4
288,2023-10-10,1,4
289,2023-10-10,1,4
290,2023-10-10,1,4
291,2023-10-10,1,4
292,2023-10-10,1,4
293,2023-10-10,1,4
294,2023-10-10,1,4
295,2023-10-10,1,4
296,2023-10-10,1,4
297,2023-10-10,1,4
298,2023-10-10,1,4
299,2023-10-10,1,4
300,2023-10-11,1,4
301,2023-10-11,1,4
302,2023-10-11,1,4
303,2023-10-11,1,4
304,2023-10-11,1,4
305,2023-10-11,1,4
306,2023-10-11,1,4
307,2023-10-11,1,4
308,2023-10-11,1,4
309,2023-10-11,1,4
310,2023-10-11,1,4
311,2023-10-11,1,4
312,2023-10-11,1,4
313,2023-10-11,1,4
314,2023-10-11,1,4
315,2023-10-11,1,4
316,2023-10-11,1,4
317,2023-10-11,1,4
318,2023-10-11,1,4
319,2023-10-11,1,4
320,2023-10-11,1,4
321,2023-10-11,1,4
322,2023-10-11,1,4
323,2023-10-11,1,4
324,2023-10-11,1,4
325,2023-10-11,1,4
326,2023-10-11,1,4
327,2023-10-11,1,4
328,2023-10-11,1,4
329,2023-10-11,1,4
330,2023-10-11,1,4
331,2023-10-11,1,4
332,2023-10-11,1,4
333,2023-10-11,1,4
334,2023-10-11,1,4
335,2023-10-11,1,4
336,2023-10-11,1,4
337,2023-10-11,1,4
338,2023-10-11,1,4
339,2023-10-11,1,4
340,2023-10-11,1,4
341,2023-10-11,1,4
342,2023-10-11,1,4
343,2023-10-11,1,4
344,2023-10-11,1,4
345,2023-10-11,1,4
346,2023-10-11,1,4
347,2023-10-11,1,4
348,2023-10-11,1,4
349,2023-10-11,1,4
350,2023-10-12,1,4
351,2023-10-12,1,4
352,2023-10-12,1,4
353,2023-10-12,1,4
354,2023-10-12,1,4
355,2023-10-12,1,4
356,2023-10-12,1,4
357,2023-10-12,1,4
358,2023-10-12,1,4
359,2023-10-12,1,4
360,2023-10-12,1,5
361,2023-10-12,1,5
362,2023-10-12,1,5
363,2023-10-12,1,5
364,2023-10-12,1,5
365,2023-10-12,1,5
366,2023-10-12,1,5
367,2023-10-12,1,5
368,2023-10-12,1,5
369,2023-10-12,1,5
370,2023-10-12,1,5
371,2023-10-12,1,5
372,2023-10-12,1,5
373,2023-10-12,1,5
374,2023-10-12,1,5
375,2023-10-12,1,5
376,2023-10-12,1,5
377,2023-10-12,1,5
378,2023-10-12,1,5
379,2023-10-12,1,5
380,2023-10-12,1,5
381,2023-10-12,1,5
382,2023-10-12,1,5
383,2023-10-12,1,5
384,2023-10-12,1,5
385,2023-10-12,1,5
386,2023-10-12,1,5
387,2023-10-12,1,5
388,2023-10-12,1,5
389,2023-10-12,1,5
390,2023-10-12,1,5
391,2023-10-12,1,5
392,2023-10-12,1,5
393,2023-10-12,1,5
394,2023-10-12,1,5
395,2023-10-12,1,5
396,2023-10-12,1,5
397,2023-10-12,1,5
398,2023-10-12,1,5
399,2023-10-12,1,5
400,2023-10-13,1,5
401,2023-10-13,1,5
402,2023-10-13,1,5
403,2023-10-13,1,5
404,2023-10-13,1,5
405,2023-10-13,1,5
406,2023-10-13,1,5
407,2023-10-13,1,5
408,2023-10-13,1,5
409,2023-10-13,1,5
410,2023-10-13,1,5
411,2023-10-13,1,5
412,2023-10-13,1,5
413,2023-10-13,1,5
414,2023-10-13,1,5
415,2023-10-13,1,5
416,2023-10-13,1,5
417,2023-10-13,1,5
418,2023-10-13,1,5
419,2023-10-13,1,5
420,2023-10-13,1,5
421,2023-10-13,1,5
422,2023-10-13,1,5
423,2023-10-13,1,5
424,2023-10-13,1,5
425,2023-10-13,1,5
426,2023-10-13,1,5
427,2023-10-13,1,5
428,2023-10-13,1,5
429,2023-10-13,1,5
430,2023-10-13,1,5
431,2023-10-13,1,5
432,2023-10-13,1,5
433,2023-10-13,1,5
434,2023-10-13,1,5
435,2023-10-13,1,5
436,2023-10-13,1,5
437,2023-10-13,1,5
438,2023-10-13,1,5
439,2023-10-13,1,5
440,2023-10-13,1,5
441,2023-10-13,1,5
442,2023-10-13,1,5
443,2023-10-13,1,5
444,2023-10-13,1,5
445,2023-10-13,1,5
446,2023-10-13,1,5
447,2023-10-13,1,5
448,2023-10-13,1,5
449,2023-10-13,1,5
450,2023-10-14,1,6
451,2023-10-14,1,6
452,2023-10-14,1,6
453,2023-10-14,1,6
454,2023-10-14,1,6
455,2023-10-14,1,6
456,2023-10-14,1,6
457,2023-10-14,1,6
458,2023-10-14,1,6
459,2023-10-14,1,6
460,2023-10-14,1,6
461,2023-10-14,1,6
462,2023-10-14,1,6
463,2023-10-14,1,6
464,2023-10-14,1,6
465,2023-10-14,1,6
466,2023-10-14,1,6
467,2023-10-14,1,6
468,2023-10-14,1,6
469,2023-10-14,1,6
470,2023-10-14,1,6
471,2023-10-14,1,6
472,2023-10-14,1,6
473,2023-10-14,1,6
474,2023-10-14,1,6
475,2023-10-14,1,6
476,2023-10-14,1,6
477,2023-10-14,1,6
478,2023-10-14,1,6
479,2023-10-14,1,6
480,2023-10-14,1,6
481,2023-10-14,1,6
482,2023-10-14,1,6
483,2023-10-14,1,6
484,2023-10-14,1,6
485,2023-10-14,1,6
486,2023-10-14,1,6
487,2023-10-14,1,6
488,2023-10-14,1,6
489,2023-10-14,1,6
490,2023-10-14,1,6
491,2023-10-14,1,6
492,2023-10-14,1,6
493,2023-10-14,1,6
494,2023-10-14,1,6
495,2023-10-14,1,6
496,2023-10-14,1,6
497,2023-10-14,1,6
498,2023-10-14,1,6
499,2023-10-14,1,6
500,2023-10-15,1,6
501,2023-10-15,1,6
502,2023-10-15,1,6
503,2023-10-15,1,6
504,2023-10-15,1,6
505,2023-10-15,1,6
506,2023-10-15,1,6
507,2023-10-15,1,6
508,2023-10-15,1,6
509,2023-10-15,1,6
510,2023-10-15,1,6
511,2023-10-15,1,6
512,2023-10-15,1,6
513,2023-10-15,1,6
514,2023-10-15,1,6
515,2023-10-15,1,6
516,2023-10-15,1,6
517,2023-10-15,1,6
518,2023-10-15,1,6
519,2023-10-15,1,6
520,2023-10-15,1,6
521,2023-10-15,1,6
522,2023-10-15,1,6
523,2023-10-15,1,6
524,2023-10-15,1,6
525,2023-10-15,1,6
526,2023-10-15,1,6
527,2023-10-15,1,6
528,2023-10-15,1,6
529,2023-10-15,1,6
530,2023-10-15,1,6
531,2023-10-15,1,6
532,2023-10-15,1,6
533,2023-10-15,1,6
534,2023-10-15,1,6
535,2023-10-15,1,6
536,2023-10-15,1,6
537,2023-10-15,1,6
538,2023-10-15,1,6
539,2023-10-15,1,6
540,2023-10-15,1,7
541,2023-10-15,1,7
542,2023-10-15,1,7
543,2023-10-15,1,7
544,2023-10-15,1,7
545,2023-10-15,1,7
546,2023-10-15,1,7
547,2023-10-15,1,7
548,2023-10-15,1,7
549,2023-10-15,1,7
550,2023-10-16,1,7
551,2023-10-16,1,7
552,2023-10-16,1,7
553,2023-10-16,1,7
554,2023-10-16,1,7
555,2023-10-16,1,7
556,2023-10-16,1,7
557,2023-10-16,1,7
558,2023-10-16,1,7
559,2023-10-16,1,7
560,2023-10-16,1,7
561,2023-10-16,1,7
562,2023-10-16,1,7
563,2023-10-16,1,7
564,2023-10-16,1,7
565,2023-10-16,1,7
566,2023-10-16,1,7
567,2023-10-16,1,7
568,2023-10-16,1,7
569,2023-10-16,1,7
570,2023-10-16,1,7
571,2023-10-16,1,7
572,2023-10-16,1,7
573,2023-10-16,1,7
574,2023-10-16,1,7
575,2023-10-16,1,7
576,2023-10-16,1,7
577,2023-10-16,1,7
578,2023-10-16,1,7
579,2023-10-16,1,7
580,2023-10-16,1,7
581,2023-10-16,1,7
582,2023-10-16,1,7
583,2023-10-16,1,7
584,2023-10-16,1,7
585,2023-10-16,1,7
586,2023-10-16,1,7
587,2023-10-16,1,7
588,2023-10-16,1,7
589,2023-10-16,1,7
590,2023-10-16,1,7
591,2023-10-16,1,7
592,2023-10-16,1,7
593,2023-10-16,1,7
594,2023-10-16,1,7
595,2023-10-16,1,7
596,2023-10-16,1,7
597,2023-10-16,1,7
598,2023-10-16,1,7
599,2023-10-16,1,7
600,2023-10-17,1,7
601,2023-10-17,1,7
602,2023-10-17,1,7
603,2023-10-17,1,7
604,2023-10-17,1,7
605,2023-10-17,1,7
606,2023-10-17,1,7
607,2023-10-17,1,7
608,2023-10-17,1,7
609,2023-10-17,1,7
610,2023-10-17,1,7
611,2023-10-17,1,7
612,2023-10-17,1,7
613,2023-10-17,1,7
614,2023-10-17,1,7
615,2023-10-17,1,7
616,2023-10-17,1,7
617,2023-10-17,1,7
618,2023-10-17,1,7
619,2023-10-17,1,7
620,2023-10-17,1,7
621,2023-10-17,1,7
622,2023-10-17,1,7
623,2023-10-17,1,7
624,2023-10-17,1,7
625,2023-10-17,1,7
626,2023-10-17,1,7
627,2023-10-17,1,7
628,2023-10-17,1,7
629,2023-10-17,1,7
630,2023-10-17,1,8
631,2023-10-17,1,8
632,2023-10-17,1,8
633,2023-10-17,1,8
634,2023-10-17,1,8
635,2023-10-17,1,8
636,2023-10-17,1,8
637,2023-10-17,1,8
638,2023-10-17,1,8
639,2023-10-17,1,8
640,2023-10-17,1,8
641,2023-10-17,1,8
642,2023-10-17,1,8
643,2023-10-17,1,8
644,2023-10-17,1,8
645,2023-10-17,1,8
646,2023-10-17,1,8
647,2023-10-17,1,8
648,2023-10-17,1,8
649,2023-10-17,1,8
650,2023-10-18,1,8
651,2023-10-18,1,8
652,2023-10-18,1,8
653,2023-10-18,1,8
654,2023-10-18,1,8
655,2023-10-18,1,8
656,2023-10-18,1,8
657,2023-10-18,1,8
658,2023-10-18,1,8
659,2023-10-18,1,8
660,2023-10-18,1,8
661,2023-10-18,1,8
662,2023-10-18,1,8
663,2023-10-18,1,8
664,2023-10-18,1,8
665,2023-10-18,1,8
666,2023-10-18,1,8
667,2023-10-18,1,8
668,2023-10-18,1,8
669,2023-10-18,1,8
670,2023-10-18,1,8
671,2023-10-18,1,8
672,2023-10-18,1,8
673,2023-10-18,1,8
674,2023-10-18,1,8
675,2023-10-18,1,8
676,2023-10-18,1,8
677,2023-10-18,1,8
678,2023-10-18,1,8
679,2023-10-18,1,8
680,2023-10-18,1,8
681,2023-10-18,1,8
682,2023-10-18,1,8
683,2023-10-18,1,8
684,2023-10-18,1,8
685,2023-10-18,1,8
686,2023-10-18,1,8
687,2023-10-18,1,8
688,2023-10-18,1,8
689,2023-10-18,1,8
690,2023-10-18,1,8
691,2023-10-18,1,8
692,2023-10-18,1,8
693,2023-10-18,1,8
694,2023-10-18,1,8
695,2023-10-18,1,8
696,2023-10-18,1,8
697,2023-10-18,1,8
698,2023-10-18,1,8
699,2023-10-18,1,8
700,2023-10-19,1,8
701,2023-10-19,1,8
702,2023-10-19,1,8
703,2023-10-19,1,8
704,2023-10-19,1,8
705,2023-10-19,1,8
706,2023-10-19,1,8
707,2023-10-19,1,8
708,2023-10-19,1,8
709,2023-10-19,1,8
710,2023-10-19,1,8
711,2023-10-19,1,8
712,2023-10-19,1,8
713,2023-10-19,1,8
714,2023-10-19,1,8
715,2023-10-19,1,8
716,2023-10-19,1,8
717,2023-10-19,1,8
718,2023-10-19,1,8
719,2023-10-19,1,8
720,2023-10-19,1,9
721,2023-10-19,1,9
722,2023-10-19,1,9
723,2023-10-19,1,9
724,2023-10-19,1,9
725,2023-10-19,1,9
726,2023-10-19,1,9
727,2023-10-19,1,9
728,2023-10-19,1,9
729,2023-10-19,1,9
730,2023-10-19,1,9
731,2023-10-19,1,9
732,2023-10-19,1,9
733,2023-10-19,1,9
734,2023-10-19,1,9
735,2023-10-19,1,9
736,2023-10-19,1,9
737,2023-10-19,1,9
738,2023-10-19,1,9
739,2023-10-19,1,9
740,2023-10-19,1,9
741,2023-10-19,1,9
742,2023-10-19,1,9
743,2023-10-19,1,9
744,2023-10-19,1,9
745,2023-10-19,1,9
746,2023-10-19,1,9
747,2023-10-19,1,9
748,2023-10-19,1,9
749,2023-10-19,1,9
750,2023-10-20,1,9
751,2023-10-20,1,9
752,2023-10-20,1,9
753,2023-10-20,1,9
754,2023-10-20,1,9
755,2023-10-20,1,9
756,2023-10-20,1,9
757,2023-10-20,1,9
758,2023-10-20,1,9
759,2023-10-20,1,9
760,2023-10-20,1,9
761,2023-10-20,1,9
762,2023-10-20,1,9
763,2023-10-20,1,9
764,2023-10-20,1,9
765,2023-10-20,1,9
766,2023-10-20,1,9
767,2023-10-20,1,9
768,2023-10-20,1,9
769,2023-10-20,1,9
770,2023-10-20,1,9
771,2023-10-20,1,9
772,2023-10-20,1,9
773,2023-10-20,1,9
774,2023-10-20,1,9
775,2023-10-20,1,9
776,2023-10-20,1,9
777,2023-10-20,1,9
778,2023-10-20,1,9
779,2023-10-20,1,9
780,2023-10-20,1,9
781,2023-10-20,1,9
782,2023-10-20,1,9
783,2023-10-20,1,9
784,2023-10-20,1,9
785,2023-10-20,1,9
786,2023-10-20,1,9
787,2023-10-20,1,9
788,2023-10-20,1,9
789,2023-10-20,1,9
790,2023-10-20,1,9
791,2023-10-20,1,9
792,2023-10-20,1,9
793,2023-10-20,1,9
794,2023-10-20,1,9
795,2023-10-20,1,9
796,2023-10-20,1,9
797,2023-10-20,1,9
798,2023-10-20,1,9
799,2023-10-20,1,9
800,2023-10-21,1,9
801,2023-10-21,1,9
802,2023-10-21,1,9
803,2023-10-21,1,9
804,2023-10-21,1,9
805,2023-10-21,1,9
806,2023-10-21,1,9
807,2023-10-21,1,9
808,2023-10-21,1,9
809,2023-10-21,1,9
810,2023-10-21,1,10
811,2023-10-21,1,10
812,2023-10-21,1,10
813,2023-10-21,1,10
814,2023-10-21,1,10
815,2023-10-21,1,10
816,2023-10-21,1,10
817,2023-10-21,1,10
818,2023-10-21,1,10
819,2023-10-21,1,10
820,2023-10-21,1,10
821,2023-10-21,1,10
822,2023-10-21,1,10
823,2023-10-21,1,10
824,2023-10-21,1,10
825,2023-10-21,1,10
826,2023-10-21,1,10
827,2023-10-21,1,10
828,2023-10-21,1,10
829,2023-10-21,1,10
830,2023-10-21,1,10
831,2023-10-21,1,10
832,2023-10-21,1,10
833,2023-10-21,1,10
834,2023-10-21,1,10
835,2023-10-21,1,10
836,2023-10-21,1,10
837,2023-10-21,1,10
838,2023-10-21,1,10
839,2023-10-21,1,10
840,2023-10-21,1,10
841,2023-10-21,1,10
842,2023-10-21,1,10
843,2023-10-21,1,10
844,2023-10-21,1,10
845,2023-10-21,1,10
846,2023-10-21,1,10
847,2023-10-21,1,10
848,2023-10-21,1,10
849,2023-10-21,1,10
850,2023-10-22,1,10
851,2023-10-22,1,10
852,2023-10-22,1,10
853,2023-10-22,1,10
854,2023-10-22,1,10
855,2023-10-22,1,10
856,2023-10-22,1,10
857,2023-10-22,1,10
858,2023-10-22,1,10
859,2023-10-22,1,10
860,2023-10-22,1,10
861,2023-10-22,1,10
862,2023-10-22,1,10
863,2023-10-22,1,10
864,2023-10-22,1,10
865,2023-10-22,1,10
866,2023-10-22,1,10
867,2023-10-22,1,10
868,2023-10-22,1,10
869,2023-10-22,1,10
870,2023-10-22,1,10
871,2023-10-22,1,10
872,2023-10-22,1,10
873,2023-10-22,1,10
874,2023-10-22,1,10
875,2023-10-22,1,10
876,2023-10-22,1,10
877,2023-10-22,1,10
878,2023-10-22,1,10
879,2023-10-22,1,10
880,2023-10-22,1,10
881,2023-10-22,1,10
882,2023-10-22,1,10
883,2023-10-22,1,10
884,2023-10-22,1,10
885,2023-10-22,1,10
886,2023-10-22,1,10
887,2023-10-22,1,10
888,2023-10-22,1,10
889,2023-10-22,1,10
890,2023-10-22,1,10
891,2023-10-22,1,10
892,2023-10-22,1,10
893,2023-10-22,1,10
894,2023-10-22,1,10
895,2023-10-22,1,10
896,2023-10-22,1,10
897,2023-10-22,1,10
898,2023-10-22,1,10
899,2023-10-22,1,10
900,2023-10-23,1,11
901,2023-10-23,1,11
902,2023-10-23,1,11
903,2023-10-23,1,11
904,2023-10-23,1,11
905,2023-10-23,1,11
906,2023-10-23,1,11
907,2023-10-23,1,11
908,2023-10-23,1,11
909,2023-10-23,1,11
910,2023-10-23,1,11
911,2023-10-23,1,11
912,2023-10-23,1,11
913,2023-10-23,1,11
914,2023-10-23,1,11
915,2023-10-23,1,11
916,2023-10-23,1,11
917,2023-10-23,1,11
918,2023-10-23,1,11
919,2023-10-23,1,11
920,2023-10-23,1,11
921,2023-10-23,1,11
922,2023-10-23,1,11
923,2023-10-23,1,11
924,2023-10-23,1,11
925,2023-10-23,1,11
926,2023-10-23,1,11
927,2023-10-23,1,11
928,2023-10-23,1,11
929,2023-10-23,1,11
930,2023-10-23,1,11
931,2023-10-23,1,11
932,2023-10-23,1,11
933,2023-10-23,1,11
934,2023-10-23,1,11
935,2023-10-23,1,11
936,2023-10-23,1,11
937,2023-10-23,1,11
938,2023-10-23,1,11
939,2023-10-23,1,11
940,2023-10-23,1,11
941,2023-10-23,1,11
942,2023-10-23,1,11
943,2023-10-23,1,11
944,2023-10-23,1,11
945,2023-10-23,1,11
946,2023-10-23,1,11
947,2023-10-23,1,11
948,2023-10-23,1,11
949,2023-10-23,1,11
950,2023-10-24,1,11
951,2023-10-24,1,11
952,2023-10-24,1,11
953,2023-10-24,1,11
954,2023-10-24,1,11
955,2023-10-24,1,11
956,2023-10-24,1,11
957,2023-10-24,1,11
958,2023-10-24,1,11
959,2023-10-24,1,11
960,2023-10-24,1,11
961,2023-10-24,1,11
962,2023-10-24,1,11
963,2023-10-24,1,11
964,2023-10-24,1,11
965,2023-10-24,1,11
966,2023-10-24,1,11
967,2023-10-24,1,11
968,2023-10-24,1,11
969,2023-10-24,1,11
970,2023-10-24,1,11
971,2023-10-24,1,11
972,2023-10-24,1,11
973,2023-10-24,1,11
974,2023-10-24,1,11
975,2023-10-24,1,11
976,2023-10-24,1,11
977,2023-10-24,1,11
978,2023-10-24,1,11
979,2023-10-24,1,11
980,2023-10-24,1,11
981,2023-10-24,1,11
982,2023-10-24,1,11
983,2023-10-24,1,11
984,2023-10-24,1,11
985,2023-10-24,1,11
986,2023-10-24,1,11
987,2023-10-24,1,11
988,2023-10-24,1,11
989,2023-10-24,1,11
990,2023-10-24,1,12
991,2023-10-24,1,12
992,2023-10-24,1,12
993,2023-10-24,1,12
994,2023-10-24,1,12
995,2023-10-24,1,12
996,2023-10-24,1,12
997,2023-10-24,1,12
998,2023-10-24,1,12
999,2023-10-24,1,12
1000,2023-10-25,1,12
1001,2023-10-25,1,12
1002,2023-10-25,1,12
1003,2023-10-25,1,12
1004,2023-10-25,1,12
1005,2023-10-25,1,12
1006,2023-10-25,1,12
1007,2023-10-25,1,12
1008,2023-10-25,1,12
1009,2023-10-25,1,12
1010,2023-10-25,1,12
1011,2023-10-25,1,12
1012,2023-10-25,1,12
1013,2023-10-25,1,12
1014,2023-10-25,1,12
1015,2023-10-25,1,12
1016,2023-10-25,1,12
1017,2023-10-25,1,12
1018,2023-10-25,1,12
1019,2023-10-25,1,12
1020,2023-10-25,1,12
1021,2023-10-25,1,12
1022,2023-10-25,1,12
1023,2023-10-25,1,12
1024,2023-10-25,1,12
1025,2023-10-25,1,12
1026,2023-10-25,1,12
1027,2023-10-25,1,12
1028,2023-10-25,1,12
1029,2023-10-25,1,12
1030,2023-10-25,1,12
1031,2023-10-25,1,12
1032,2023-10-25,1,12
1033,2023-10-25,1,12
1034,2023-10-25,1,12
1035,2023-10-25,1,12
1036,2023-10-25,1,12
1037,2023-10-25,1,12
1038,2023-10-25,1,12
1039,2023-10-25,1,12
1040,2023-10-25,1,12
1041,2023-10-25,1,12
1042,2023-10-25,1,12
1043,2023-10-25,1,12
1044,2023-10-25,1,12
1045,2023-10-25,1,12
1046,2023-10-25,1,12
1047,2023-10-25,1,12
1048,2023-10-25,1,12
1049,2023-10-25,1,12
1050,2023-10-26,1,12
1051,2023-10-26,1,12
1052,2023-10-26,1,12
1053,2023-10-26,1,12
1054,2023-10-26,1,12
1055,2023-10-26,1,12
1056,2023-10-26,1,12
1057,2023-10-26,1,12
1058,2023-10-26,1,12
1059,2023-10-26,1,12
1060,2023-10-26,1,12
1061,2023-10-26,1,12
1062,2023-10-26,1,12
1063,2023-10-26,1,12
1064,2023-10-26,1,12
1065,2023-10-26,1,12
1066,2023-10-26,1,12
1067,2023-10-26,1,12
1068,2023-10-26,1,12
1069,2023-10-26,1,12
1070,2023-10-26,1,12
1071,2023-10-26,1,12
1072,2023-10-26,1,12
1073,2023-10-26,1,12
1074,2023-10-26,1,12
1075,2023-10-26,1,12
1076,2023-10-26,1,12
1077,2023-10-26,1,12
1078,2023-10-26,1,12
1079,2023-10-26,1,12
1080,2023-10-26,1,13
1081,2023-10-26,1,13
1082,2023-10-26,1,13
1083,2023-10-26,1,13
1084,2023-10-26,1,13
1085,2023-10-26,1,13
1086,2023-10-26,1,13
1087,2023-10-26,1,13
1088,2023-10-26,1,13
1089,2023-10-26,1,13
1090,2023-10-26,1,13
1091,2023-10-26,1,13
1092,2023-10-26,1,13
1093,2023-10-26,1,13
1094,2023-10-26,1,13
1095,2023-10-26,1,13
1096,2023-10-26,1,13
1097,2023-10-26,1,13
1098,2023-10-26,1,13
1099,2023-10-26,1,13
1100,2023-10-27,1,13
1101,2023-10-27,1,13
1102,2023-10-27,1,13
1103,2023-10-27,1,13
1104,2023-10-27,1,13
1105,2023-10-27,1,13
1106,2023-10-27,1,13
1107,2023-10-27,1,13
1108,2023-10-27,1,13
1109,2023-10-27,1,13
1110,2023-10-27,1,13
1111,2023-10-27,1,13
1112,2023-10-27,1,13
1113,2023-10-27,1,13
1114,2023-10-27,1,13
1115,2023-10-27,1,13
1116,2023-10-27,1,13
1117,2023-10-27,1,13
1118,2023-10-27,1,13
1119,2023-10-27,1,13
1120,2023-10-27,1,13
1121,2023-10-27,1,13
1122,2023-10-27,1,13
1123,2023-10-27,1,13
1124,2023-10-27,1,13
1125,2023-10-27,1,13
1126,2023-10-27,1,13
1127,2023-10-27,1,13
1128,2023-10-27,1,13
1129,2023-10-27,1,13
1130,2023-10-27,1,13
1131,2023-10-27,1,13
1132,2023-10-27,1,13
1133,2023-10-27,1,13
1134,2023-10-27,1,13
1135,2023-10-27,1,13
1136,2023-10-27,1,13
1137,2023-10-27,1,13
1138,2023-10-27,1,13
1139,2023-10-27,1,13
1140,2023-10-27,1,13
1141,2023-10-27,1,13
1142,2023-10-27,1,13
1143,2023-10-27,1,13
1144,2023-10-27,1,13
1145,2023-10-27,1,13
1146,2023-10-27,1,13
1147,2023-10-27,1,13
1148,2023-10-27,1,13
1149,2023-10-27,1,13
1150,2023-10-28,1,13
1151,2023-10-28,1,13
1152,2023-10-28,1,13
1153,2023-10-28,1,13
1154,2023-10-28,1,13
1155,2023-10-28,1,13
1156,2023-10-28,1,13
1157,2023-10-28,1,13
1158,2023-10-28,1,13
1159,2023-10-28,1,13
1160,2023-10-28,1,13
1161,2023-10-28,1,13
1162,2023-10-28,1,13
1163,2023-10-28,1,13
1164,2023-10-28,1,13
1165,2023-10-28,1,13
1166,2023-10-28,1,13
1167,2023-10-28,1,13
1168,2023-10-28,1,13
1169,2023-10-28,1,13
1170,2023-10-28,1,14
1171,2023-10-28,1,14
1172,2023-10-28,1,14
1173,2023-10-28,1,14
1174,2023-10-28,1,14
1175,2023-10-28,1,14
1176,2023-10-28,1,14
1177,2023-10-28,1,14
1178,2023-10-28,1,14
1179,2023-10-28,1,14
1180,2023-10-28,1,14
1181,2023-10-28,1,14
1182,2023-10-28,1,14
1183,2023-10-28,1,14
1184,2023-10-28,1,14
1185,2023-10-28,1,14
1186,2023-10-28,1,14
1187,2023-10-28,1,14
1188,2023-10-28,1,14
1189,2023-10-28,1,14
1190,2023-10-28,1,14
1191,2023-10-28,1,14
1192,2023-10-28,1,14
1193,2023-10-28,1,14
1194,2023-10-28,1,14
1195,2023-10-28,1,14
1196,2023-10-28,1,14
1197,2023-10-28,1,14
1198,2023-10-28,1,14
1199,2023-10-28,1,14
1200,2023-10-29,1,14
1201,2023-10-29,1,14
1202,2023-10-29,1,14
1203,2023-10-29,1,14
1204,2023-10-29,1,14
1205,2023-10-29,1,14
1206,2023-10-29,1,14
1207,2023-10-29,1,14
1208,2023-10-29,1,14
1209,2023-10-29,1,14
1210,2023-10-29,1,14
1211,2023-10-29,1,14
1212,2023-10-29,1,14
1213,2023-10-29,1,14
1214,2023-10-29,1,14
1215,2023-10-29,1,14
1216,2023-10-29,1,14
1217,2023-10-29,1,14
1218,2023-10-29,1,14
1219,2023-10-29,1,14
1220,2023-10-29,1,14
1221,2023-10-29,1,14
1222,2023-10-29,1,14
1223,2023-10-29,1,14
1224,2023-10-29,1,14
1225,2023-10-29,1,14
1226,2023-10-29,1,14
1227,2023-10-29,1,14
1228,2023-10-29,1,14
1229,2023-10-29,1,14
1230,2023-10-29,1,14
1231,2023-10-29,1,14
1232,2023-10-29,1,14
1233,2023-10-29,1,14
1234,2023-10-29,1,14
1235,2023-10-29,1,14
1236,2023-10-29,1,14
1237,2023-10-29,1,14
1238,2023-10-29,1,14
1239,2023-10-29,1,14
1240,2023-10-29,1,14
1241,2023-10-29,1,14
1242,2023-10-29,1,14
1243,2023-10-29,1,14
1244,2023-10-29,1,14
1245,2023-10-29,1,14
1246,2023-10-29,1,14
1247,2023-10-29,1,14
1248,2023-10-29,1,14
1249,2023-10-29,1,14
1250,2023-10-30,1,14
1251,2023-10-30,1,14
1252,2023-10-30,1,14
1253,2023-10-30,1,14
1254,2023-10-30,1,14
1255,2023-10-30,1,14
1256,2023-10-30,1,14
1257,2023-10-30,1,14
1258,2023-10-30,1,14
1259,2023-10-30,1,14
1260,2023-10-30,1,15
1261,2023-10-30,1,15
1262,2023-10-30,1,15
1263,2023-10-30,1,15
1264,2023-10-30,1,15
1265,2023-10-30,1,15
1266,2023-10-30,1,15
1267,2023-10-30,1,15
1268,2023-10-30,1,15
1269,2023-10-30,1,15
1270,2023-10-30,1,15
1271,2023-10-30,1,15
1272,2023-10-30,1,15
1273,2023-10-30,1,15
1274,2023-10-30,1,15
1275,2023-10-30,1,15
1276,2023-10-30,1,15
1277,2023-10-30,1,15
1278,2023-10-30,1,15
1279,2023-10-30,1,15
1280,2023-10-30,1,15
1281,2023-10-30,1,15
1282,2023-10-30,1,15
1283,2023-10-30,1,15
1284,2023-10-30,1,15
1285,2023-10-30,1,15
1286,2023-10-30,1,15
1287,2023-10-30,1,15
1288,2023-10-30,1,15
1289,2023-10-30,1,15
1290,2023-10-30,1,15
1291,2023-10-30,1,15
1292,2023-10-30,1,15
1293,2023-10-30,1,15
1294,2023-10-30,1,15
1295,2023-10-30,1,15
1296,2023-10-30,1,15
1297,2023-10-30,1,15
1298,2023-10-30,1,15
1299,2023-10-30,1,15
1300,2023-10-31,1,15
1301,2023-10-31,1,15
1302,2023-10-31,1,15
1303,2023-10-31,1,15
1304,2023-10-31,1,15
1305,2023-10-31,1,15
1306,2023-10-31,1,15
1307,2023-10-31,1,15
1308,2023-10-31,1,15
1309,2023-10-31,1,15
1310,2023-10-31,1,15
1311,2023-10-31,1,15
1312,2023-10-31,1,15
1313,2023-10-31,1,15
1314,2023-10-31,1,15
1315,2023-10-31,1,15
1316,2023-10-31,1,15
1317,2023-10-31,1,15
1318,2023-10-31,1,15
1319,2023-10-31,1,15
1320,2023-10-31,1,15
1321,2023-10-31,1,15
1322,2023-10-31,1,15
1323,2023-10-31,1,15
1324,2023-10-31,1,15
1325,2023-10-31,1,15
1326,2023-10-31,1,15
1327,2023-10-31,1,15
1328,2023-10-31,1,15
1329,2023-10-31,1,15
1330,2023-10-31,1,15
1331,2023-10-31,1,15
1332,2023-10-31,1,15
1333,2023-10-31,1,15
1334,2023-10-31,1,15
1335,2023-10-31,1,15
1336,2023-10-31,1,15
1337,2023-10-31,1,15
1338,2023-10-31,1,15
1339,2023-10-31,1,15
1340,2023-10-31,1,15
1341,2023-10-31,1,15
1342,2023-10-31,1,15
1343,2023-10-31,1,15
1344,2023-10-31,1,15
1345,2023-10-31,1,15
1346,2023-10-31,1,15
1347,2023-10-31,1,15
1348,2023-10-31,1,15
1349,2023-10-31,1,15
1350,2023-11-01,1,16
1351,2023-11-01,1,16
1352,2023-11-01,1,16
1353,2023-11-01,1,16
1354,2023-11-01,1,16
1355,2023-11-01,1,16
1356,2023-11-01,1,16
1357,2023-11-01,1,16
1358,2023-11-01,1,16
1359,2023-11-01,1,16
1360,2023-11-01,1,16
1361,2023-11-01,1,16
1362,2023-11-01,1,16
1363,2023-11-01,1,16
1364,2023-11-01,1,16
1365,2023-11-01,1,16
1366,2023-11-01,1,16
1367,2023-11-01,1,16
1368,2023-11-01,1,16
1369,2023-11-01,1,16
1370,2023-11-01,1,16
1371,2023-11-01,1,16
1372,2023-11-01,1,16
1373,2023-11-01,1,16
1374,2023-11-01,1,16
1375,2023-11-01,1,16
1376,2023-11-01,1,16
1377,2023-11-01,1,16
1378,2023-11-01,1,16
1379,2023-11-01,1,16
1380,2023-11-01,1,16
1381,2023-11-01,1,16
1382,2023-11-01,1,16
1383,2023-11-01,1,16
1384,2023-11-01,1,16
1385,2023-11-01,1,16
1386,2023-11-01,1,16
1387,2023-11-01,1,16
1388,2023-11-01,1,16
1389,2023-11-01,1,16
1390,2023-11-01,1,16
1391,2023-11-01,1,16
1392,2023-11-01,1,16
1393,2023-11-01,1,16
1394,2023-11-01,1,16
1395,2023-11-01,1,16
1396,2023-11-01,1,16
1397,2023-11-01,1,16
1398,2023-11-01,1,16
1399,2023-11-01,1,16
1400,2023-11-02,1,16
1401,2023-11-02,1,16
1402,2023-11-02,1,16
1403,2023-11-02,1,16
1404,2023-11-02,1,16
1405,2023-11-02,1,16
1406,2023-11-02,1,16
1407,2023-11-02,1,16
1408,2023-11-02,1,16
1409,2023-11-02,1,16
1410,2023-11-02,1,16
1411,2023-11-02,1,16
1412,2023-11-02,1,16
1413,2023-11-02,1,16
1414,2023-11-02,1,16
1415,2023-11-02,1,16
1416,2023-11-02,1,16
1417,2023-11-02,1,16
1418,2023-11-02,1,16
1419,2023-11-02,1,16
1420,2023-11-02,1,16
1421,2023-11-02,1,16
1422,2023-11-02,1,16
1423,2023-11-02,1,16
1424,2023-11-02,1,16
1425,2023-11-02,1,16
1426,2023-11-02,1,16
1427,2023-11-02,1,16
1428,2023-11-02,1,16
1429,2023-11-02,1,16
1430,2023-11-02,1,16
1431,2023-11-02,1,16
1432,2023-11-02,1,16
1433,2023-11-02,1,16
1434,2023-11-02,1,16
1435,2023-11-02,1,16
1436,2023-11-02,1,16
1437,2023-11-02,1,16
1438,2023-11-02,1,16
1439,2023-11-02,1,16
1440,2023-11-02,1,17
1441,2023-11-02,1,17
1442,2023-11-02,1,17
1443,2023-11-02,1,17
1444,2023-11-02,1,17
1445,2023-11-02,1,17
1446,2023-11-02,1,17
1447,2023-11-02,1,17
1448,2023-11-02,1,17
1449,2023-11-02,1,17
1450,2023-11-03,1,17
1451,2023-11-03,1,17
1452,2023-11-03,1,17
1453,2023-11-03,1,17
1454,2023-11-03,1,17
1455,2023-11-03,1,17
1456,2023-11-03,1,17
1457,2023-11-03,1,17
1458,2023-11-03,1,17
1459,2023-11-03,1,17
1460,2023-11-03,1,17
1461,2023-11-03,1,17
1462,2023-11-03,1,17
1463,2023-11-03,1,17
1464,2023-11-03,1,17
1465,2023-11-03,1,17
1466,2023-11-03,1,17
1467,2023-11-03,1,17
1468,2023-11-03,1,17
1469,2023-11-03,1,17
1470,2023-11-03,1,17
1471,2023-11-03,1,17
1472,2023-11-03,1,17
1473,2023-11-03,1,17
1474,2023-11-03,1,17
1475,2023-11-03,1,17
1476,2023-11-03,1,17
1477,2023-11-03,1,17
1478,2023-11-03,1,17
1479,2023-11-03,1,17
1480,2023-11-03,1,17
1481,2023-11-03,1,17
1482,2023-11-03,1,17
1483,2023-11-03,1,17
1484,2023-11-03,1,17
1485,2023-11-03,1,17
1486,2023-11-03,1,17
1487,2023-11-03,1,17
1488,2023-11-03,1,17
1489,2023-11-03,1,17
1490,2023-11-03,1,17
1491,2023-11-03,1,17
1492,2023-11-03,1,17
1493,2023-11-03,1,17
1494,2023-11-03,1,17
1495,2023-11-03,1,17
1496,2023-11-03,1,17
1497,2023-11-03,1,17
1498,2023-11-03,1,17
1499,2023-11-03,1,17
1500,2023-11-04,1,17
1501,2023-11-04,1,17
1502,2023-11-04,1,17
1503,2023-11-04,1,17
1504,2023-11-04,1,17
1505,2023-11-04,1,17
1506,2023-11-04,1,17
1507,2023-11-04,1,17
1508,2023-11-04,1,17
1509,2023-11-04,1,17
1510,2023-11-04,1,17
1511,2023-11-04,1,17
1512,2023-11-04,1,17
1513,2023-11-04,1,17
1514,2023-11-04,1,17
1515,2023-11-04,1,17
1516,2023-11-04,1,17
1517,2023-11-04,1,17
1518,2023-11-04,1,17
1519,2023-11-04,1,17
1520,2023-11-04,1,17
1521,2023-11-04,1,17
1522,2023-11-04,1,17
1523,2023-11-04,1,17
1524,2023-11-04,1,17
1525,2023-11-04,1,17
1526,2023-11-04,1,17
1527,2023-11-04,1,17
1528,2023-11-04,1,17
1529,2023-11-04,1,17
1530,2023-11-04,1,18
1531,2023-11-04,1,18
1532,2023-11-04,1,18
1533,2023-11-04,1,18
1534,2023-11-04,1,18
1535,2023-11-04,1,18
1536,2023-11-04,1,18
1537,2023-11-04,1,18
1538,2023-11-04,1,18
1539,2023-11-04,1,18
1540,2023-11-04,1,18
1541,2023-11-04,1,18
1542,2023-11-04,1,18
1543,2023-11-04,1,18
1544,2023-11-04,1,18
1545,2023-11-04,1,18
1546,2023-11-04,1,18
1547,2023-11-04,1,18
1548,2023-11-04,1,18
1549,2023-11-04,1,18
1550,2023-11-05,1,18
1551,2023-11-05,1,18
1552,2023-11-05,1,18
1553,2023-11-05,1,18
1554,2023-11-05,1,18
1555,2023-11-05,1,18
1556,2023-11-05,1,18
1557,2023-11-05,1,18
1558,2023-11-05,1,18
1559,2023-11-05,1,18
1560,2023-11-05,1,18
1561,2023-11-05,1,18
1562,2023-11-05,1,18
1563,2023-11-05,1,18
1564,2023-11-05,1,18
1565,2023-11-05,1,18
1566,2023-11-05,1,18
1567,2023-11-05,1,18
1568,2023-11-05,1,18
1569,2023-11-05,1,18
1570,2023-11-05,1,18
1571,2023-11-05,1,18
1572,2023-11-05,1,18
1573,2023-11-05,1,18
1574,2023-11-05,1,18
1575,2023-11-05,1,18
1576,2023-11-05,1,18
1577,2023-11-05,1,18
1578,2023-11-05,1,18
1579,2023-11-05,1,18
1580,2023-11-05,1,18
1581,2023-11-05,1,18
1582,2023-11-05,1,18
1583,2023-11-05,1,18
1584,2023-11-05,1,18
1585,2023-11-05,1,18
1586,2023-11-05,1,18
1587,2023-11-05,1,18
1588,2023-11-05,1,18
1589,2023-11-05,1,18
1590,2023-11-05,1,18
1591,2023-11-05,1,18
1592,2023-11-05,1,18
1593,2023-11-05,1,18
1594,2023-11-05,1,18
1595,2023-11-05,1,18
1596,2023-11-05,1,18
1597,2023-11-05,1,18
1598,2023-11-05,1,18
1599,2023-11-05,1,18
1600,2023-11-06,1,18
1601,2023-11-06,1,18
1602,2023-11-06,1,18
1603,2023-11-06,1,18
1604,2023-11-06,1,18
1605,2023-11-06,1,18
1606,2023-11-06,1,18
1607,2023-11-06,1,18
1608,2023-11-06,1,18
1609,2023-11-06,1,18
1610,2023-11-06,1,18
1611,2023-11-06,1,18
1612,2023-11-06,1,18
1613,2023-11-06,1,18
1614,2023-11-06,1,18
1615,2023-11-06,1,18
1616,2023-11-06,1,18
1617,2023-11-06,1,18
1618,2023-11-06,1,18
1619,2023-11-06,1,18
1620,2023-11-06,1,19
1621,2023-11-06,1,19
1622,2023-11-06,1,19
1623,2023-11-06,1,19
1624,2023-11-06,1,19
1625,2023-11-06,1,19
1626,2023-11-06,1,19
1627,2023-11-06,1,19
1628,2023-11-06,1,19
1629,2023-11-06,1,19
1630,2023-11-06,1,19
1631,2023-11-06,1,19
1632,2023-11-06,1,19
1633,2023-11-06,1,19
1634,2023-11-06,1,19
1635,2023-11-06,1,19
1636,2023-11-06,1,19
1637,2023-11-06,1,19
1638,2023-11-06,1,19
1639,2023-11-06,1,19
1640,2023-11-06,1,19
1641,2023-11-06,1,19
1642,2023-11-06,1,19
1643,2023-11-06,1,19
1644,2023-11-06,1,19
1645,2023-11-06,1,19
1646,2023-11-06,1,19
1647,2023-11-06,1,19
1648,2023-11-06,1,19
1649,2023-11-06,1,19
1650,2023-11-07,1,19
1651,2023-11-07,1,19
1652,2023-11-07,1,19
1653,2023-11-07,1,19
1654,2023-11-07,1,19
1655,2023-11-07,1,19
1656,2023-11-07,1,19
1657,2023-11-07,1,19
1658,2023-11-07,1,19
1659,2023-11-07,1,19
1660,2023-11-07,1,19
1661,2023-11-07,1,19
1662,2023-11-07,1,19
1663,2023-11-07,1,19
1664,2023-11-07,1,19
1665,2023-11-07,1,19
1666,2023-11-07,1,19
1667,2023-11-07,1,19
1668,2023-11-07,1,19
1669,2023-11-07,1,19
1670,2023-11-07,1,19
1671,2023-11-07,1,19
1672,2023-11-07,1,19
1673,2023-11-07,1,19
1674,2023-11-07,1,19
1675,2023-11-07,1,19
1676,2023-11-07,1,19
1677,2023-11-07,1,19
1678,2023-11-07,1,19
1679,2023-11-07,1,19
1680,2023-11-07,1,19
1681,2023-11-07,1,19
1682,2023-11-07,1,19
1683,2023-11-07,1,19
1684,2023-11-07,1,19
1685,2023-11-07,1,19
1686,2023-11-07,1,19
1687,2023-11-07,1,19
1688,2023-11-07,1,19
1689,2023-11-07,1,19
1690,2023-11-07,1,19
1691,2023-11-07,1,19
1692,2023-11-07,1,19
1693,2023-11-07,1,19
1694,2023-11-07,1,19
1695,2023-11-07,1,19
1696,2023-11-07,1,19
1697,2023-11-07,1,19
1698,2023-11-07,1,19
1699,2023-11-07,1,19
1700,2023-11-08,1,19
1701,2023-11-08,1,19
1702,2023-11-08,1,19
1703,2023-11-08,1,19
1704,2023-11-08,1,19
1705,2023-11-08,1,19
1706,2023-11-08,1,19
1707,2023-11-08,1,19
1708,2023-11-08,1,19
1709,2023-11-08,1,19
1710,2023-11-08,1,20
1711,2023-11-08,1,20
1712,2023-11-08,1,20
1713,2023-11-08,1,20
1714,2023-11-08,1,20
1715,2023-11-08,1,20
1716,2023-11-08,1,20
1717,2023-11-08,1,20
1718,2023-11-08,1,20
1719,2023-11-08,1,20
1720,2023-11-08,1,20
1721,2023-11-08,1,20
1722,2023-11-08,1,20
1723,2023-11-08,1,20
1724,2023-11-08,1,20
1725,2023-11-08,1,20
1726,2023-11-08,1,20
1727,2023-11-08,1,20
1728,2023-11-08,1,20
1729,2023-11-08,1,20
1730,2023-11-08,1,20
1731,2023-11-08,1,20
1732,2023-11-08,1,20
1733,2023-11-08,1,20
1734,2023-11-08,1,20
1735,2023-11-08,1,20
1736,2023-11-08,1,20
1737,2023-11-08,1,20
1738,2023-11-08,1,20
1739,2023-11-08,1,20
1740,2023-11-08,1,20
1741,2023-11-08,1,20
1742,2023-11-08,1,20
1743,2023-11-08,1,20
1744,2023-11-08,1,20
1745,2023-11-08,1,20
1746,2023-11-08,1,20
1747,2023-11-08,1,20
1748,2023-11-08,1,20
1749,2023-11-08,1,20
1750,2023-11-09,1,20
1751,2023-11-09,1,20
1752,2023-11-09,1,20
1753,2023-11-09,1,20
1754,2023-11-09,1,20
1755,2023-11-09,1,20
1756,2023-11-09,1,20
1757,2023-11-09,1,20
1758,2023-11-09,1,20
1759,2023-11-09,1,20
1760,2023-11-09,1,20
1761,2023-11-09,1,20
1762,2023-11-09,1,20
1763,2023-11-09,1,20
1764,2023-11-09,1,20
1765,2023-11-09,1,20
1766,2023-11-09,1,20
1767,2023-11-09,1,20
1768,2023-11-09,1,20
1769,2023-11-09,1,20
1770,2023-11-09,1,20
1771,2023-11-09,1,20
1772,2023-11-09,1,20
1773,2023-11-09,1,20
1774,2023-11-09,1,20
1775,2023-11-09,1,20
1776,2023-11-09,1,20
1777,2023-11-09,1,20
1778,2023-11-09,1,20
1779,2023-11-09,1,20
1780,2023-11-09,1,20
1781,2023-11-09,1,20
1782,2023-11-09,1,20
1783,2023-11-09,1,20
1784,2023-11-09,1,20
1785,2023-11-09,1,20
1786,2023-11-09,1,20
1787,2023-11-09,1,20
1788,2023-11-09,1,20
1789,2023-11-09,1,20
1790,2023-11-09,1,20
1791,2023-11-09,1,20
1792,2023-11-09,1,20
1793,2023-11-09,1,20
1794,2023-11-09,1,20
1795,2023-11-09,1,20
1796,2023-11-09,1,20
1797,2023-11-09,1,20
1798,2023-11-09,1,20
1799,2023-11-09,1,20
1800,2023-11-10,1,21
1801,2023-11-10,1,21
1802,2023-11-10,1,21
1803,2023-11-10,1,21
1804,2023-11-10,1,21
1805,2023-11-10,1,21
1806,2023-11-10,1,21
1807,2023-11-10,1,21
1808,2023-11-10,1,21
1809,2023-11-10,1,21
1810,2023-11-10,1,21
1811,2023-11-10,1,21
1812,2023-11-10,1,21
1813,2023-11-10,1,21
1814,2023-11-10,1,21
1815,2023-11-10,1,21
1816,2023-11-10,1,21
1817,2023-11-10,1,21
1818,2023-11-10,1,21
1819,2023-11-10,1,21
1820,2023-11-10,1,21
1821,2023-11-10,1,21
1822,2023-11-10,1,21
1823,2023-11-10,1,21
1824,2023-11-10,1,21
1825,2023-11-10,1,21
1826,2023-11-10,1,21
1827,2023-11-10,1,21
1828,2023-11-10,1,21
1829,2023-11-10,1,21
1830,2023-11-10,1,21
1831,2023-11-10,1,21
1832,2023-11-10,1,21
1833,2023-11-10,1,21
1834,2023-11-10,1,21
1835,2023-11-10,1,21
1836,2023-11-10,1,21
1837,2023-11-10,1,21
1838,2023-11-10,1,21
1839,2023-11-10,1,21
1840,2023-11-10,1,21
1841,2023-11-10,1,21
1842,2023-11-10,1,21
1843,2023-11-10,1,21
1844,2023-11-10,1,21
1845,2023-11-10,1,21
1846,2023-11-10,1,21
1847,2023-11-10,1,21
1848,2023-11-10,1,21
1849,2023-11-10,1,21
1850,2023-11-11,1,21
1851,2023-11-11,1,21
1852,2023-11-11,1,21
1853,2023-11-11,1,21
1854,2023-11-11,1,21
1855,2023-11-11,1,21
1856,2023-11-11,1,21
1857,2023-11-11,1,21
1858,2023-11-11,1,21
1859,2023-11-11,1,21
1860,2023-11-11,1,21
1861,2023-11-11,1,21
1862,2023-11-11,1,21
1863,2023-11-11,1,21
1864,2023-11-11,1,21
1865,2023-11-11,1,21
1866,2023-11-11,1,21
1867,2023-11-11,1,21
1868,2023-11-11,1,21
1869,2023-11-11,1,21
1870,2023-11-11,1,21
1871,2023-11-11,1,21
1872,2023-11-11,1,21
1873,2023-11-11,1,21
1874,2023-11-11,1,21
1875,2023-11-11,1,21
1876,2023-11-11,1,21
1877,2023-11-11,1,21
1878,2023-11-11,1,21
1879,2023-11-11,1,21
1880,2023-11-11,1,21
1881,2023-11-11,1,21
1882,2023-11-11,1,21
1883,2023-11-11,1,21
1884,2023-11-11,1,21
1885,2023-11-11,1,21
1886,2023-11-11,1,21
1887,2023-11-11,1,21
1888,2023-11-11,1,21
1889,2023-11-11,1,21
1890,2023-11-11,1,22
1891,2023-11-11,1,22
1892,2023-11-11,1,22
1893,2023-11-11,1,22
1894,2023-11-11,1,22
1895,2023-11-11,1,22
1896,2023-11-11,1,22
1897,2023-11-11,1,22
1898,2023-11-11,1,22
1899,2023-11-11,1,22
1900,2023-11-12,1,22
1901,2023-11-12,1,22
1902,2023-11-12,1,22
1903,2023-11-12,1,22
1904,2023-11-12,1,22
1905,2023-11-12,1,22
1906,2023-11-12,1,22
1907,2023-11-12,1,22
1908,2023-11-12,1,22
1909,2023-11-12,1,22
1910,2023-11-12,1,22
1911,2023-11-12,1,22
1912,2023-11-12,1,22
1913,2023-11-12,1,22
1914,2023-11-12,1,22
1915,2023-11-12,1,22
1916,2023-11-12,1,22
1917,2023-11-12,1,22
1918,2023-11-12,1,22
1919,2023-11-12,1,22
1920,2023-11-12,1,22
1921,2023-11-12,1,22
1922,2023-11-12,1,22
1923,2023-11-12,1,22
1924,2023-11-12,1,22
1925,2023-11-12,1,22
1926,2023-11-12,1,22
1927,2023-11-12,1,22
1928,2023-11-12,1,22
1929,2023-11-12,1,22
1930,2023-11-12,1,22
1931,2023-11-12,1,22
1932,2023-11-12,1,22
1933,2023-11-12,1,22
1934,2023-11-12,1,22
1935,2023-11-12,1,22
1936,2023-11-12,1,22
1937,2023-11-12,1,22
1938,2023-11-12,1,22
1939,2023-11-12,1,22
1940,2023-11-12,1,22
1941,2023-11-12,1,22
1942,2023-11-12,1,22
1943,2023-11-12,1,22
1944,2023-11-12,1,22
1945,2023-11-12,1,22
1946,2023-11-12,1,22
1947,2023-11-12,1,22
1948,2023-11-12,1,22
1949,2023-11-12,1,22
1950,2023-11-13,1,22
1951,2023-11-13,1,22
1952,2023-11-13,1,22
1953,2023-11-13,1,22
1954,2023-11-13,1,22
1955,2023-11-13,1,22
1956,2023-11-13,1,22
1957,2023-11-13,1,22
1958,2023-11-13,1,22
1959,2023-11-13,1,22
1960,2023-11-13,1,22
1961,2023-11-13,1,22
1962,2023-11-13,1,22
1963,2023-11-13,1,22
1964,2023-11-13,1,22
1965,2023-11-13,1,22
1966,2023-11-13,1,22
1967,2023-11-13,1,22
1968,2023-11-13,1,22
1969,2023-11-13,1,22
1970,2023-11-13,1,22
1971,2023-11-13,1,22
1972,2023-11-13,1,22
1973,2023-11-13,1,22
1974,2023-11-13,1,22
1975,2023-11-13,1,22
1976,2023-11-13,1,22
1977,2023-11-13,1,22
1978,2023-11-13,1,22
1979,2023-11-13,1,22
1980,2023-11-13,1,23
1981,2023-11-13,1,23
1982,2023-11-13,1,23
1983,2023-11-13,1,23
1984,2023-11-13,1,23
1985,2023-11-13,1,23
1986,2023-11-13,1,23
1987,2023-11-13,1,23
1988,2023-11-13,1,23
1989,2023-11-13,1,23
1990,2023-11-13,1,23
1991,2023-11-13,1,23
1992,2023-11-13,1,23
1993,2023-11-13,1,23
1994,2023-11-13,1,23
1995,2023-11-13,1,23
1996,2023-11-13,1,23
1997,2023-11-13,1,23
1998,2023-11-13,1,23
1999,2023-11-13,1,23
2000,2023-11-14,1,23
2001,2023-11-14,1,23
2002,2023-11-14,1,23
2003,2023-11-14,1,23
2004,2023-11-14,1,23
2005,2023-11-14,1,23
2006,2023-11-14,1,23
2007,2023-11-14,1,23
2008,2023-11-14,1,23
2009,2023-11-14,1,23
2010,2023-11-14,1,23
2011,2023-11-14,1,23
2012,2023-11-14,1,23
2013,2023-11-14,1,23
2014,2023-11-14,1,23
2015,2023-11-14,1,23
2016,2023-11-14,1,23
2017,2023-11-14,1,23
2018,2023-11-14,1,23
2019,2023-11-14,1,23
2020,2023-11-14,1,23
2021,2023-11-14,1,23
2022,2023-11-14,1,23
2023,2023-11-14,1,23
2024,2023-11-14,1,23
2025,2023-11-14,1,23
2026,2023-11-14,1,23
2027,2023-11-14,1,23
2028,2023-11-14,1,23
2029,2023-11-14,1,23
2030,2023-11-14,1,23
2031,2023-11-14,1,23
2032,2023-11-14,1,23
2033,2023-11-14,1,23
2034,2023-11-14,1,23
2035,2023-11-14,1,23
2036,2023-11-14,1,23
2037,2023-11-14,1,23
2038,2023-11-14,1,23
2039,2023-11-14,1,23
2040,2023-11-14,1,23
2041,2023-11-14,1,23
2042,2023-11-14,1,23
2043,2023-11-14,1,23
2044,2023-11-14,1,23
2045,2023-11-14,1,23
2046,2023-11-14,1,23
2047,2023-11-14,1,23
2048,2023-11-14,1,23
2049,2023-11-14,1,23
2050,2023-11-15,1,23
2051,2023-11-15,1,23
2052,2023-11-15,1,23
2053,2023-11-15,1,23
2054,2023-11-15,1,23
2055,2023-11-15,1,23
2056,2023-11-15,1,23
2057,2023-11-15,1,23
2058,2023-11-15,1,23
2059,2023-11-15,1,23
2060,2023-11-15,1,23
2061,2023-11-15,1,23
2062,2023-11-15,1,23
2063,2023-11-15,1,23
2064,2023-11-15,1,23
2065,2023-11-15,1,23
2066,2023-11-15,1,23
2067,2023-11-15,1,23
2068,2023-11-15,1,23
2069,2023-11-15,1,23
2070,2023-11-15,1,24
2071,2023-11-15,1,24
2072,2023-11-15,1,24
2073,2023-11-15,1,24
2074,2023-11-15,1,24
2075,2023-11-15,1,24
2076,2023-11-15,1,24
2077,2023-11-15,1,24
2078,2023-11-15,1,24
2079,2023-11-15,1,24
2080,2023-11-15,1,24
2081,2023-11-15,1,24
2082,2023-11-15,1,24
2083,2023-11-15,1,24
2084,2023-11-15,1,24
2085,2023-11-15,1,24
2086,2023-11-15,1,24
2087,2023-11-15,1,24
2088,2023-11-15,1,24
2089,2023-11-15,1,24
2090,2023-11-15,1,24
2091,2023-11-15,1,24
2092,2023-11-15,1,24
2093,2023-11-15,1,24
2094,2023-11-15,1,24
2095,2023-11-15,1,24
2096,2023-11-15,1,24
2097,2023-11-15,1,24
2098,2023-11-15,1,24
2099,2023-11-15,1,24
2100,2023-11-16,1,24
2101,2023-11-16,1,24
2102,2023-11-16,1,24
2103,2023-11-16,1,24
2104,2023-11-16,1,24
2105,2023-11-16,1,24
2106,2023-11-16,1,24
2107,2023-11-16,1,24
2108,2023-11-16,1,24
2109,2023-11-16,1,24
2110,2023-11-16,1,24
2111,2023-11-16,1,24
2112,2023-11-16,1,24
2113,2023-11-16,1,24
2114,2023-11-16,1,24
2115,2023-11-16,1,24
2116,2023-11-16,1,24
2117,2023-11-16,1,24
2118,2023-11-16,1,24
2119,2023-11-16,1,24
2120,2023-11-16,1,24
2121,2023-11-16,1,24
2122,2023-11-16,1,24
2123,2023-11-16,1,24
2124,2023-11-16,1,24
2125,2023-11-16,1,24
2126,2023-11-16,1,24
2127,2023-11-16,1,24
2128,2023-11-16,1,24
2129,2023-11-16,1,24
2130,2023-11-16,1,24
2131,2023-11-16,1,24
2132,2023-11-16,1,24
2133,2023-11-16,1,24
2134,2023-11-16,1,24
2135,2023-11-16,1,24
2136,2023-11-16,1,24
2137,2023-11-16,1,24
2138,2023-11-16,1,24
2139,2023-11-16,1,24
2140,2023-11-16,1,24
2141,2023-11-16,1,24
2142,2023-11-16,1,24
2143,2023-11-16,1,24
2144,2023-11-16,1,24
2145,2023-11-16,1,24
2146,2023-11-16,1,24
2147,2023-11-16,1,24
2148,2023-11-16,1,24
2149,2023-11-16,1,24
2150,2023-11-17,1,24
2151,2023-11-17,1,24
2152,2023-11-17,1,24
2153,2023-11-17,1,24
2154,2023-11-17,1,24
2155,2023-11-17,1,24
2156,2023-11-17,1,24
2157,2023-11-17,1,24
2158,2023-11-17,1,24
2159,2023-11-17,1,24
2160,2023-11-17,1,25
2161,2023-11-17,1,25
2162,2023-11-17,1,25
2163,2023-11-17,1,25
2164,2023-11-17,1,25
2165,2023-11-17,1,25
2166,2023-11-17,1,25
2167,2023-11-17,1,25
2168,2023-11-17,1,25
2169,2023-11-17,1,25
2170,2023-11-17,1,25
2171,2023-11-17,1,25
2172,2023-11-17,1,25
2173,2023-11-17,1,25
2174,2023-11-17,1,25
2175,2023-11-17,1,25
2176,2023-11-17,1,25
2177,2023-11-17,1,25
2178,2023-11-17,1,25
2179,2023-11-17,1,25
2180,2023-11-17,1,25
2181,2023-11-17,1,25
2182,2023-11-17,1,25
2183,2023-11-17,1,25
2184,2023-11-17,1,25
2185,2023-11-17,1,25
2186,2023-11-17,1,25
2187,2023-11-17,1,25
2188,2023-11-17,1,25
2189,2023-11-17,1,25
2190,2023-11-17,1,25
2191,2023-11-17,1,25
2192,2023-11-17,1,25
2193,2023-11-17,1,25
2194,2023-11-17,1,25
2195,2023-11-17,1,25
2196,2023-11-17,1,25
2197,2023-11-17,1,25
2198,2023-11-17,1,25
2199,2023-11-17,1,25
2200,2023-11-18,1,25
2201,2023-11-18,1,25
2202,2023-11-18,1,25
2203,2023-11-18,1,25
2204,2023-11-18,1,25
2205,2023-11-18,1,25
2206,2023-11-18,1,25
2207,2023-11-18,1,25
2208,2023-11-18,1,25
2209,2023-11-18,1,25
2210,2023-11-18,1,25
2211,2023-11-18,1,25
2212,2023-11-18,1,25
2213,2023-11-18,1,25
2214,2023-11-18,1,25
2215,2023-11-18,1,25
2216,2023-11-18,1,25
2217,2023-11-18,1,25
2218,2023-11-18,1,25
2219,2023-11-18,1,25
2220,2023-11-18,1,25
2221,2023-11-18,1,25
2222,2023-11-18,1,25
2223,2023-11-18,1,25
2224,2023-11-18,1,25
2225,2023-11-18,1,25
2226,2023-11-18,1,25
2227,2023-11-18,1,25
2228,2023-11-18,1,25
2229,2023-11-18,1,25
2230,2023-11-18,1,25
2231,2023-11-18,1,25
2232,2023-11-18,1,25
2233,2023-11-18,1,25
2234,2023-11-18,1,25
2235,2023-11-18,1,25
2236,2023-11-18,1,25
2237,2023-11-18,1,25
2238,2023-11-18,1,25
2239,2023-11-18,1,25
2240,2023-11-18,1,25
2241,2023-11-18,1,25
2242,2023-11-18,1,25
2243,2023-11-18,1,25
2244,2023-11-18,1,25
2245,2023-11-18,1,25
2246,2023-11-18,1,25
2247,2023-11-18,1,25
2248,2023-11-18,1,25
2249,2023-11-18,1,25
2250,2023-11-19,1,26
2251,2023-11-19,1,26
2252,2023-11-19,1,26
2253,2023-11-19,1,26
2254,2023-11-19,1,26
2255,2023-11-19,1,26
2256,2023-11-19,1,26
2257,2023-11-19,1,26
2258,2023-11-19,1,26
2259,2023-11-19,1,26
2260,2023-11-19,1,26
2261,2023-11-19,1,26
2262,2023-11-19,1,26
2263,2023-11-19,1,26
2264,2023-11-19,1,26
2265,2023-11-19,1,26
2266,2023-11-19,1,26
2267,2023-11-19,1,26
2268,2023-11-19,1,26
2269,2023-11-19,1,26
2270,2023-11-19,1,26
2271,2023-11-19,1,26
2272,2023-11-19,1,26
2273,2023-11-19,1,26
2274,2023-11-19,1,26
2275,2023-11-19,1,26
2276,2023-11-19,1,26
2277,2023-11-19,1,26
2278,2023-11-19,1,26
2279,2023-11-19,1,26
2280,2023-11-19,1,26
2281,2023-11-19,1,26
2282,2023-11-19,1,26
2283,2023-11-19,1,26
2284,2023-11-19,1,26
2285,2023-11-19,1,26
2286,2023-11-19,1,26
2287,2023-11-19,1,26
2288,2023-11-19,1,26
2289,2023-11-19,1,26
2290,2023-11-19,1,26
2291,2023-11-19,1,26
2292,2023-11-19,1,26
2293,2023-11-19,1,26
2294,2023-11-19,1,26
2295,2023-11-19,1,26
2296,2023-11-19,1,26
2297,2023-11-19,1,26
2298,2023-11-19,1,26
2299,2023-11-19,1,26
2300,2023-11-20,1,26
2301,2023-11-20,1,26
2302,2023-11-20,1,26
2303,2023-11-20,1,26
2304,2023-11-20,1,26
2305,2023-11-20,1,26
2306,2023-11-20,1,26
2307,2023-11-20,1,26
2308,2023-11-20,1,26
2309,2023-11-20,1,26
2310,2023-11-20,1,26
2311,2023-11-20,1,26
2312,2023-11-20,1,26
2313,2023-11-20,1,26
2314,2023-11-20,1,26
2315,2023-11-20,1,26
2316,2023-11-20,1,26
2317,2023-11-20,1,26
2318,2023-11-20,1,26
2319,2023-11-20,1,26
2320,2023-11-20,1,26
2321,2023-11-20,1,26
2322,2023-11-20,1,26
2323,2023-11-20,1,26
2324,2023-11-20,1,26
2325,2023-11-20,1,26
2326,2023-11-20,1,26
2327,2023-11-20,1,26
2328,2023-11-20,1,26
2329,2023-11-20,1,26
2330,2023-11-20,1,26
2331,2023-11-20,1,26
2332,2023-11-20,1,26
2333,2023-11-20,1,26
2334,2023-11-20,1,26
2335,2023-11-20,1,26
2336,2023-11-20,1,26
2337,2023-11-20,1,26
2338,2023-11-20,1,26
2339,2023-11-20,1,26
2340,2023-11-20,1,27
2341,2023-11-20,1,27
2342,2023-11-20,1,27
2343,2023-11-20,1,27
2344,2023-11-20,1,27
2345,2023-11-20,1,27
2346,2023-11-20,1,27
2347,2023-11-20,1,27
2348,2023-11-20,1,27
2349,2023-11-20,1,27
2350,2023-11-21,1,27
2351,2023-11-21,1,27
2352,2023-11-21,1,27
2353,2023-11-21,1,27
2354,2023-11-21,1,27
2355,2023-11-21,1,27
2356,2023-11-21,1,27
2357,2023-11-21,1,27
2358,2023-11-21,1,27
2359,2023-11-21,1,27
2360,2023-11-21,1,27
2361,2023-11-21,1,27
2362,2023-11-21,1,27
2363,2023-11-21,1,27
2364,2023-11-21,1,27
2365,2023-11-21,1,27
2366,2023-11-21,1,27
2367,2023-11-21,1,27
2368,2023-11-21,1,27
2369,2023-11-21,1,27
2370,2023-11-21,1,27
2371,2023-11-21,1,27
2372,2023-11-21,1,27
2373,2023-11-21,1,27
2374,2023-11-21,1,27
2375,2023-11-21,1,27
2376,2023-11-21,1,27
2377,2023-11-21,1,27
2378,2023-11-21,1,27
2379,2023-11-21,1,27
2380,2023-11-21,1,27
2381,2023-11-21,1,27
2382,2023-11-21,1,27
2383,2023-11-21,1,27
2384,2023-11-21,1,27
2385,2023-11-21,1,27
2386,2023-11-21,1,27
2387,2023-11-21,1,27
2388,2023-11-21,1,27
2389,2023-11-21,1,27
2390,2023-11-21,1,27
2391,2023-11-21,1,27
2392,2023-11-21,1,27
2393,2023-11-21,1,27
2394,2023-11-21,1,27
2395,2023-11-21,1,27
2396,2023-11-21,1,27
2397,2023-11-21,1,27
2398,2023-11-21,1,27
2399,2023-11-21,1,27
2400,2023-11-22,1,27
2401,2023-11-22,1,27
2402,2023-11-22,1,27
2403,2023-11-22,1,27
2404,2023-11-22,1,27
2405,2023-11-22,1,27
2406,2023-11-22,1,27
2407,2023-11-22,1,27
2408,2023-11-22,1,27
2409,2023-11-22,1,27
2410,2023-11-22,1,27
2411,2023-11-22,1,27
2412,2023-11-22,1,27
2413,2023-11-22,1,27
2414,2023-11-22,1,27
2415,2023-11-22,1,27
2416,2023-11-22,1,27
2417,2023-11-22,1,27
2418,2023-11-22,1,27
2419,2023-11-22,1,27
2420,2023-11-22,1,27
2421,2023-11-22,1,27
2422,2023-11-22,1,27
2423,2023-11-22,1,27
2424,2023-11-22,1,27
2425,2023-11-22,1,27
2426,2023-11-22,1,27
2427,2023-11-22,1,27
2428,2023-11-22,1,27
2429,2023-11-22,1,27
2430,2023-11-22,1,28
2431,2023-11-22,1,28
2432,2023-11-22,1,28
2433,2023-11-22,1,28
2434,2023-11-22,1,28
2435,2023-11-22,1,28
2436,2023-11-22,1,28
2437,2023-11-22,1,28
2438,2023-11-22,1,28
2439,2023-11-22,1,28
2440,2023-11-22,1,28
2441,2023-11-22,1,28
2442,2023-11-22,1,28
2443,2023-11-22,1,28
2444,2023-11-22,1,28
2445,2023-11-22,1,28
2446,2023-11-22,1,28
2447,2023-11-22,1,28
2448,2023-11-22,1,28
2449,2023-11-22,1,28
2450,2023-11-23,1,28
2451,2023-11-23,1,28
2452,2023-11-23,1,28
2453,2023-11-23,1,28
2454,2023-11-23,1,28
2455,2023-11-23,1,28
2456,2023-11-23,1,28
2457,2023-11-23,1,28
2458,2023-11-23,1,28
2459,2023-11-23,1,28
2460,2023-11-23,1,28
2461,2023-11-23,1,28
2462,2023-11-23,1,28
2463,2023-11-23,1,28
2464,2023-11-23,1,28
2465,2023-11-23,1,28
2466,2023-11-23,1,28
2467,2023-11-23,1,28
2468,2023-11-23,1,28
2469,2023-11-23,1,28
2470,2023-11-23,1,28
2471,2023-11-23,1,28
2472,2023-11-23,1,28
2473,2023-11-23,1,28
2474,2023-11-23,1,28
2475,2023-11-23,1,28
2476,2023-11-23,1,28
2477,2023-11-23,1,28
2478,2023-11-23,1,28
2479,2023-11-23,1,28
2480,2023-11-23,1,28
2481,2023-11-23,1,28
2482,2023-11-23,1,28
2483,2023-11-23,1,28
2484,2023-11-23,1,28
2485,2023-11-23,1,28
2486,2023-11-23,1,28
2487,2023-11-23,1,28
2488,2023-11-23,1,28
2489,2023-11-23,1,28
2490,2023-11-23,1,28
2491,2023-11-23,1,28
2492,2023-11-23,1,28
2493,2023-11-23,1,28
2494,2023-11-23,1,28
2495,2023-11-23,1,28
2496,2023-11-23,1,28
2497,2023-11-23,1,28
2498,2023-11-23,1,28
2499,2023-11-23,1,28
2500,2023-11-24,1,28
2501,2023-11-24,1,28
2502,2023-11-24,1,28
2503,2023-11-24,1,28
2504,2023-11-24,1,28
2505,2023-11-24,1,28
2506,2023-11-24,1,28
2507,2023-11-24,1,28
2508,2023-11-24,1,28
2509,2023-11-24,1,28
2510,2023-11-24,1,28
2511,2023-11-24,1,28
2512,2023-11-24,1,28
2513,2023-11-24,1,28
2514,2023-11-24,1,28
2515,2023-11-24,1,28
2516,2023-11-24,1,28
2517,2023-11-24,1,28
2518,2023-11-24,1,28
2519,2023-11-24,1,28
2520,2023-11-24,1,29
2521,2023-11-24,1,29
2522,2023-11-24,1,29
2523,2023-11-24,1,29
2524,2023-11-24,1,29
2525,2023-11-24,1,29
2526,2023-11-24,1,29
2527,2023-11-24,1,29
2528,2023-11-24,1,29
2529,2023-11-24,1,29
2530,2023-11-24,1,29
2531,2023-11-24,1,29
2532,2023-11-24,1,29
2533,2023-11-24,1,29
2534,2023-11-24,1,29
2535,2023-11-24,1,29
2536,2023-11-24,1,29
2537,2023-11-24,1,29
2538,2023-11-24,1,29
2539,2023-11-24,1,29
2540,2023-11-24,1,29
2541,2023-11-24,1,29
2542,2023-11-24,1,29
2543,2023-11-24,1,29
2544,2023-11-24,1,29
2545,2023-11-24,1,29
2546,2023-11-24,1,29
2547,2023-11-24,1,29
2548,2023-11-24,1,29
2549,2023-11-24,1,29
2550,2023-11-25,1,29
2551,2023-11-25,1,29
2552,2023-11-25,1,29
2553,2023-11-25,1,29
2554,2023-11-25,1,29
2555,2023-11-25,1,29
2556,2023-11-25,1,29
2557,2023-11-25,1,29
2558,2023-11-25,1,29
2559,2023-11-25,1,29
2560,2023-11-25,1,29
2561,2023-11-25,1,29
2562,2023-11-25,1,29
2563,2023-11-25,1,29
2564,2023-11-25,1,29
2565,2023-11-25,1,29
2566,2023-11-25,1,29
2567,2023-11-25,1,29
2568,2023-11-25,1,29
2569,2023-11-25,1,29
2570,2023-11-25,1,29
2571,2023-11-25,1,29
2572,2023-11-25,1,29
2573,2023-11-25,1,29
2574,2023-11-25,1,29
2575,2023-11-25,1,29
2576,2023-11-25,1,29
2577,2023-11-25,1,29
2578,2023-11-25,1,29
2579,2023-11-25,1,29
2580,2023-11-25,1,29
2581,2023-11-25,1,29
2582,2023-11-25,1,29
2583,2023-11-25,1,29
2584,2023-11-25,1,29
2585,2023-11-25,1,29
2586,2023-11-25,1,29
2587,2023-11-25,1,29
2588,2023-11-25,1,29
2589,2023-11-25,1,29
2590,2023-11-25,1,29
2591,2023-11-25,1,29
2592,2023-11-25,1,29
2593,2023-11-25,1,29
2594,2023-11-25,1,29
2595,2023-11-25,1,29
2596,2023-11-25,1,29
2597,2023-11-25,1,29
2598,2023-11-25,1,29
2599,2023-11-25,1,29
2600,2023-11-26,1,29
2601,2023-11-26,1,29
2602,2023-11-26,1,29
2603,2023-11-26,1,29
2604,2023-11-26,1,29
2605,2023-11-26,1,29
2606,2023-11-26,1,29
2607,2023-11-26,1,29
2608,2023-11-26,1,29
2609,2023-11-26,1,29
2610,2023-11-26,1,30
2611,2023-11-26,1,30
2612,2023-11-26,1,30
2613,2023-11-26,1,30
2614,2023-11-26,1,30
2615,2023-11-26,1,30
2616,2023-11-26,1,30
2617,2023-11-26,1,30
2618,2023-11-26,1,30
2619,2023-11-26,1,30
2620,2023-11-26,1,30
2621,2023-11-26,1,30
2622,2023-11-26,1,30
2623,2023-11-26,1,30
2624,2023-11-26,1,30
2625,2023-11-26,1,30
2626,2023-11-26,1,30
2627,2023-11-26,1,30
2628,2023-11-26,1,30
2629,2023-11-26,1,30
2630,2023-11-26,1,30
2631,2023-11-26,1,30
2632,2023-11-26,1,30
2633,2023-11-26,1,30
2634,2023-11-26,1,30
2635,2023-11-26,1,30
2636,2023-11-26,1,30
2637,2023-11-26,1,30
2638,2023-11-26,1,30
2639,2023-11-26,1,30
2640,2023-11-26,1,30
2641,2023-11-26,1,30
2642,2023-11-26,1,30
2643,2023-11-26,1,30
2644,2023-11-26,1,30
2645,2023-11-26,1,30
2646,2023-11-26,1,30
2647,2023-11-26,1,30
2648,2023-11-26,1,30
2649,2023-11-26,1,30
2650,2023-11-27,1,30
2651,2023-11-27,1,30
2652,2023-11-27,1,30
2653,2023-11-27,1,30
2654,2023-11-27,1,30
2655,2023-11-27,1,30
2656,2023-11-27,1,30
2657,2023-11-27,1,30
2658,2023-11-27,1,30
2659,2023-11-27,1,30
2660,2023-11-27,1,30
2661,2023-11-27,1,30
2662,2023-11-27,1,30
2663,2023-11-27,1,30
2664,2023-11-27,1,30
2665,2023-11-27,1,30
2666,2023-11-27,1,30
2667,2023-11-27,1,30
2668,2023-11-27,1,30
2669,2023-11-27,1,30
2670,2023-11-27,1,30
2671,2023-11-27,1,30
2672,2023-11-27,1,30
2673,2023-11-27,1,30
2674,2023-11-27,1,30
2675,2023-11-27,1,30
2676,2023-11-27,1,30
2677,2023-11-27,1,30
2678,2023-11-27,1,30
2679,2023-11-27,1,30
2680,2023-11-27,1,30
2681,2023-11-27,1,30
2682,2023-11-27,1,30
2683,2023-11-27,1,30
2684,2023-11-27,1,30
2685,2023-11-27,1,30
2686,2023-11-27,1,30
2687,2023-11-27,1,30
2688,2023-11-27,1,30
2689,2023-11-27,1,30
2690,2023-11-27,1,30
2691,2023-11-27,1,30
2692,2023-11-27,1,30
2693,2023-11-27,1,30
2694,2023-11-27,1,30
2695,2023-11-27,1,30
2696,2023-11-27,1,30
2697,2023-11-27,1,30
2698,2023-11-27,1,30
2699,2023-11-27,1,30
2700,2023-11-28,1,31
2701,2023-11-28,1,31
2702,2023-11-28,1,31
2703,2023-11-28,1,31
2704,2023-11-28,1,31
2705,2023-11-28,1,31
2706,2023-11-28,1,31
2707,2023-11-28,1,31
2708,2023-11-28,1,31
2709,2023-11-28,1,31
2710,2023-11-28,1,31
2711,2023-11-28,1,31
2712,2023-11-28,1,31
2713,2023-11-28,1,31
2714,2023-11-28,1,31
2715,2023-11-28,1,31
2716,2023-11-28,1,31
2717,2023-11-28,1,31
2718,2023-11-28,1,31
2719,2023-11-28,1,31
2720,2023-11-28,1,31
2721,2023-11-28,1,31
2722,2023-11-28,1,31
2723,2023-11-28,1,31
2724,2023-11-28,1,31
2725,2023-11-28,1,31
2726,2023-11-28,1,31
2727,2023-11-28,1,31
2728,2023-11-28,1,31
2729,2023-11-28,1,31
2730,2023-11-28,1,31
2731,2023-11-28,1,31
2732,2023-11-28,1,31
2733,2023-11-28,1,31
2734,2023-11-28,1,31
2735,2023-11-28,1,31
2736,2023-11-28,1,31
2737,2023-11-28,1,31
2738,2023-11-28,1,31
2739,2023-11-28,1,31
2740,2023-11-28,1,31
2741,2023-11-28,1,31
2742,2023-11-28,1,31
2743,2023-11-28,1,31
2744,2023-11-28,1,31
2745,2023-11-28,1,31
2746,2023-11-28,1,31
2747,2023-11-28,1,31
2748,2023-11-28,1,31
2749,2023-11-28,1,31
2750,2023-11-29,1,31
2751,2023-11-29,1,31
2752,2023-11-29,1,31
2753,2023-11-29,1,31
2754,2023-11-29,1,31
2755,2023-11-29,1,31
2756,2023-11-29,1,31
2757,2023-11-29,1,31
2758,2023-11-29,1,31
2759,2023-11-29,1,31
2760,2023-11-29,1,31
2761,2023-11-29,1,31
2762,2023-11-29,1,31
2763,2023-11-29,1,31
2764,2023-11-29,1,31
2765,2023-11-29,1,31
2766,2023-11-29,1,31
2767,2023-11-29,1,31
2768,2023-11-29,1,31
2769,2023-11-29,1,31
2770,2023-11-29,1,31
2771,2023-11-29,1,31
2772,2023-11-29,1,31
2773,2023-11-29,1,31
2774,2023-11-29,1,31
2775,2023-11-29,1,31
2776,2023-11-29,1,31
2777,2023-11-29,1,31
2778,2023-11-29,1,31
2779,2023-11-29,1,31
2780,2023-11-29,1,31
2781,2023-11-29,1,31
2782,2023-11-29,1,31
2783,2023-11-29,1,31
2784,2023-11-29,1,31
2785,2023-11-29,1,31
2786,2023-11-29,1,31
2787,2023-11-29,1,31
2788,2023-11-29,1,31
2789,2023-11-29,1,31
2790,2023-11-29,1,32
2791,2023-11-29,1,32
2792,2023-11-29,1,32
2793,2023-11-29,1,32
2794,2023-11-29,1,32
2795,2023-11-29,1,32
2796,2023-11-29,1,32
2797,2023-11-29,1,32
2798,2023-11-29,1,32
2799,2023-11-29,1,32
2800,2023-11-30,1,32
2801,2023-11-30,1,32
2802,2023-11-30,1,32
2803,2023-11-30,1,32
2804,2023-11-30,1,32
2805,2023-11-30,1,32
2806,2023-11-30,1,32
2807,2023-11-30,1,32
2808,2023-11-30,1,32
2809,2023-11-30,1,32
2810,2023-11-30,1,32
2811,2023-11-30,1,32
2812,2023-11-30,1,32
2813,2023-11-30,1,32
2814,2023-11-30,1,32
2815,2023-11-30,1,32
2816,2023-11-30,1,32
2817,2023-11-30,1,32
2818,2023-11-30,1,32
2819,2023-11-30,1,32
2820,2023-11-30,1,32
2821,2023-11-30,1,32
2822,2023-11-30,1,32
2823,2023-11-30,1,32
2824,2023-11-30,1,32
2825,2023-11-30,1,32
2826,2023-11-30,1,32
2827,2023-11-30,1,32
2828,2023-11-30,1,32
2829,2023-11-30,1,32
2830,2023-11-30,1,32
2831,2023-11-30,1,32
2832,2023-11-30,1,32
2833,2023-11-30,1,32
2834,2023-11-30,1,32
2835,2023-11-30,1,32
2836,2023-11-30,1,32
2837,2023-11-30,1,32
2838,2023-11-30,1,32
2839,2023-11-30,1,32
2840,2023-11-30,1,32
2841,2023-11-30,1,32
2842,2023-11-30,1,32
2843,2023-11-30,1,32
2844,2023-11-30,1,32
2845,2023-11-30,1,32
2846,2023-11-30,1,32
2847,2023-11-30,1,32
2848,2023-11-30,1,32
2849,2023-11-30,1,32
2850,2023-12-01,1,32
2851,2023-12-01,1,32
2852,2023-12-01,1,32
2853,2023-12-01,1,32
2854,2023-12-01,1,32
2855,2023-12-01,1,32
2856,2023-12-01,1,32
2857,2023-12-01,1,32
2858,2023-12-01,1,32
2859,2023-12-01,1,32
2860,2023-12-01,1,32
2861,2023-12-01,1,32
2862,2023-12-01,1,32
2863,2023-12-01,1,32
2864,2023-12-01,1,32
2865,2023-12-01,1,32
2866,2023-12-01,1,32
2867,2023-12-01,1,32
2868,2023-12-01,1,32
2869,2023-12-01,1,32
2870,2023-12-01,1,32
2871,2023-12-01,1,32
2872,2023-12-01,1,32
2873,2023-12-01,1,32
2874,2023-12-01,1,32
2875,2023-12-01,1,32
2876,2023-12-01,1,32
2877,2023-12-01,1,32
2878,2023-12-01,1,32
2879,2023-12-01,1,32
2880,2023-12-01,1,33
2881,2023-12-01,1,33
2882,2023-12-01,1,33
2883,2023-12-01,1,33
2884,2023-12-01,1,33
2885,2023-12-01,1,33
2886,2023-12-01,1,33
2887,2023-12-01,1,33
2888,2023-12-01,1,33
2889,2023-12-01,1,33
2890,2023-12-01,1,33
2891,2023-12-01,1,33
2892,2023-12-01,1,33
2893,2023-12-01,1,33
2894,2023-12-01,1,33
2895,2023-12-01,1,33
2896,2023-12-01,1,33
2897,2023-12-01,1,33
2898,2023-12-01,1,33
2899,2023-12-01,1,33
2900,2023-12-02,1,33
2901,2023-12-02,1,33
2902,2023-12-02,1,33
2903,2023-12-02,1,33
2904,2023-12-02,1,33
2905,2023-12-02,1,33
2906,2023-12-02,1,33
2907,2023-12-02,1,33
2908,2023-12-02,1,33
2909,2023-12-02,1,33
2910,2023-12-02,1,33
2911,2023-12-02,1,33
2912,2023-12-02,1,33
2913,2023-12-02,1,33
2914,2023-12-02,1,33
2915,2023-12-02,1,33
2916,2023-12-02,1,33
2917,2023-12-02,1,33
2918,2023-12-02,1,33
2919,2023-12-02,1,33
2920,2023-12-02,1,33
2921,2023-12-02,1,33
2922,2023-12-02,1,33
2923,2023-12-02,1,33
2924,2023-12-02,1,33
2925,2023-12-02,1,33
2926,2023-12-02,1,33
2927,2023-12-02,1,33
2928,2023-12-02,1,33
2929,2023-12-02,1,33
2930,2023-12-02,1,33
2931,2023-12-02,1,33
2932,2023-12-02,1,33
2933,2023-12-02,1,33
2934,2023-12-02,1,33
2935,2023-12-02,1,33
2936,2023-12-02,1,33
2937,2023-12-02,1,33
2938,2023-12-02,1,33
2939,2023-12-02,1,33
2940,2023-12-02,1,33
2941,2023-12-02,1,33
2942,2023-12-02,1,33
2943,2023-12-02,1,33
2944,2023-12-02,1,33
2945,2023-12-02,1,33
2946,2023-12-02,1,33
2947,2023-12-02,1,33
2948,2023-12-02,1,33
2949,2023-12-02,1,33
2950,2023-12-03,1,33
2951,2023-12-03,1,33
2952,2023-12-03,1,33
2953,2023-12-03,1,33
2954,2023-12-03,1,33
2955,2023-12-03,1,33
2956,2023-12-03,1,33
2957,2023-12-03,1,33
2958,2023-12-03,1,33
2959,2023-12-03,1,33
2960,2023-12-03,1,33
2961,2023-12-03,1,33
2962,2023-12-03,1,33
2963,2023-12-03,1,33
2964,2023-12-03,1,33
2965,2023-12-03,1,33
2966,2023-12-03,1,33
2967,2023-12-03,1,33
2968,2023-12-03,1,33
2969,2023-12-03,1,33
2970,2023-12-03,1,34
2971,2023-12-03,1,34
2972,2023-12-03,1,34
2973,2023-12-03,1,34
2974,2023-12-03,1,34
2975,2023-12-03,1,34
2976,2023-12-03,1,34
2977,2023-12-03,1,34
2978,2023-12-03,1,34
2979,2023-12-03,1,34
2980,2023-12-03,1,34
2981,2023-12-03,1,34
2982,2023-12-03,1,34
2983,2023-12-03,1,34
2984,2023-12-03,1,34
2985,2023-12-03,1,34
2986,2023-12-03,1,34
2987,2023-12-03,1,34
2988,2023-12-03,1,34
2989,2023-12-03,1,34
2990,2023-12-03,1,34
2991,2023-12-03,1,34
2992,2023-12-03,1,34
2993,2023-12-03,1,34
2994,2023-12-03,1,34
2995,2023-12-03,1,34
2996,2023-12-03,1,34
2997,2023-12-03,1,34
2998,2023-12-03,1,34
2999,2023-12-03,1,34
3000,2023-12-04,1,34
3001,2023-12-04,1,34
3002,2023-12-04,1,34
3003,2023-12-04,1,34
3004,2023-12-04,1,34
3005,2023-12-04,1,34
3006,2023-12-04,1,34
3007,2023-12-04,1,34
3008,2023-12-04,1,34
3009,2023-12-04,1,34
3010,2023-12-04,1,34
3011,2023-12-04,1,34
3012,2023-12-04,1,34
3013,2023-12-04,1,34
3014,2023-12-04,1,34
3015,2023-12-04,1,34
3016,2023-12-04,1,34
3017,2023-12-04,1,34
3018,2023-12-04,1,34
3019,2023-12-04,1,34
3020,2023-12-04,1,34
3021,2023-12-04,1,34
3022,2023-12-04,1,34
3023,2023-12-04,1,34
3024,2023-12-04,1,34
3025,2023-12-04,1,34
3026,2023-12-04,1,34
3027,2023-12-04,1,34
3028,2023-12-04,1,34
3029,2023-12-04,1,34
3030,2023-12-04,1,34
3031,2023-12-04,1,34
3032,2023-12-04,1,34
3033,2023-12-04,1,34
3034,2023-12-04,1,34
3035,2023-12-04,1,34
3036,2023-12-04,1,34
3037,2023-12-04,1,34
3038,2023-12-04,1,34
3039,2023-12-04,1,34
3040,2023-12-04,1,34
3041,2023-12-04,1,34
3042,2023-12-04,1,34
3043,2023-12-04,1,34
3044,2023-12-04,1,34
3045,2023-12-04,1,34
3046,2023-12-04,1,34
3047,2023-12-04,1,34
3048,2023-12-04,1,34
3049,2023-12-04,1,34
3050,2023-12-05,1,34
3051,2023-12-05,1,34
3052,2023-12-05,1,34
3053,2023-12-05,1,34
3054,2023-12-05,1,34
3055,2023-12-05,1,34
3056,2023-12-05,1,34
3057,2023-12-05,1,34
3058,2023-12-05,1,34
3059,2023-12-05,1,34
3060,2023-12-05,1,35
3061,2023-12-05,1,35
3062,2023-12-05,1,35
3063,2023-12-05,1,35
3064,2023-12-05,1,35
3065,2023-12-05,1,35
3066,2023-12-05,1,35
3067,2023-12-05,1,35
3068,2023-12-05,1,35
3069,2023-12-05,1,35
3070,2023-12-05,1,35
3071,2023-12-05,1,35
3072,2023-12-05,1,35
3073,2023-12-05,1,35
3074,2023-12-05,1,35
3075,2023-12-05,1,35
3076,2023-12-05,1,35
3077,2023-12-05,1,35
3078,2023-12-05,1,35
3079,2023-12-05,1,35
3080,2023-12-05,1,35
3081,2023-12-05,1,35
3082,2023-12-05,1,35
3083,2023-12-05,1,35
3084,2023-12-05,1,35
3085,2023-12-05,1,35
3086,2023-12-05,1,35
3087,2023-12-05,1,35
3088,2023-12-05,1,35
3089,2023-12-05,1,35
3090,2023-12-05,1,35
3091,2023-12-05,1,35
3092,2023-12-05,1,35
3093,2023-12-05,1,35
3094,2023-12-05,1,35
3095,2023-12-05,1,35
3096,2023-12-05,1,35
3097,2023-12-05,1,35
3098,2023-12-05,1,35
3099,2023-12-05,1,35
3100,2023-12-06,1,35
3101,2023-12-06,1,35
3102,2023-12-06,1,35
3103,2023-12-06,1,35
3104,2023-12-06,1,35
3105,2023-12-06,1,35
3106,2023-12-06,1,35
3107,2023-12-06,1,35
3108,2023-12-06,1,35
3109,2023-12-06,1,35
3110,2023-12-06,1,35
3111,2023-12-06,1,35
3112,2023-12-06,1,35
3113,2023-12-06,1,35
3114,2023-12-06,1,35
3115,2023-12-06,1,35
3116,2023-12-06,1,35
3117,2023-12-06,1,35
3118,2023-12-06,1,35
3119,2023-12-06,1,35
3120,2023-12-06,1,35
3121,2023-12-06,1,35
3122,2023-12-06,1,35
3123,2023-12-06,1,35
3124,2023-12-06,1,35
3125,2023-12-06,1,35
3126,2023-12-06,1,35
3127,2023-12-06,1,35
3128,2023-12-06,1,35
3129,2023-12-06,1,35
3130,2023-12-06,1,35
3131,2023-12-06,1,35
3132,2023-12-06,1,35
3133,2023-12-06,1,35
3134,2023-12-06,1,35
3135,2023-12-06,1,35
3136,2023-12-06,1,35
3137,2023-12-06,1,35
3138,2023-12-06,1,35
3139,2023-12-06,1,35
3140,2023-12-06,1,35
3141,2023-12-06,1,35
3142,2023-12-06,1,35
3143,2023-12-06,1,35
3144,2023-12-06,1,35
3145,2023-12-06,1,35
3146,2023-12-06,1,35
3147,2023-12-06,1,35
3148,2023-12-06,1,35
3149,2023-12-06,1,35
3150,2023-12-07,1,36
3151,2023-12-07,1,36
3152,2023-12-07,1,36
3153,2023-12-07,1,36
3154,2023-12-07,1,36
3155,2023-12-07,1,36
3156,2023-12-07,1,36
3157,2023-12-07,1,36
3158,2023-12-07,1,36
3159,2023-12-07,1,36
3160,2023-12-07,1,36
3161,2023-12-07,1,36
3162,2023-12-07,1,36
3163,2023-12-07,1,36
3164,2023-12-07,1,36
3165,2023-12-07,1,36
3166,2023-12-07,1,36
3167,2023-12-07,1,36
3168,2023-12-07,1,36
3169,2023-12-07,1,36
3170,2023-12-07,1,36
3171,2023-12-07,1,36
3172,2023-12-07,1,36
3173,2023-12-07,1,36
3174,2023-12-07,1,36
3175,2023-12-07,1,36
3176,2023-12-07,1,36
3177,2023-12-07,1,36
3178,2023-12-07,1,36
3179,2023-12-07,1,36
3180,2023-12-07,1,36
3181,2023-12-07,1,36
3182,2023-12-07,1,36
3183,2023-12-07,1,36
3184,2023-12-07,1,36
3185,2023-12-07,1,36
3186,2023-12-07,1,36
3187,2023-12-07,1,36
3188,2023-12-07,1,36
3189,2023-12-07,1,36
3190,2023-12-07,1,36
3191,2023-12-07,1,36
3192,2023-12-07,1,36
3193,2023-12-07,1,36
3194,2023-12-07,1,36
3195,2023-12-07,1,36
3196,2023-12-07,1,36
3197,2023-12-07,1,36
3198,2023-12-07,1,36
3199,2023-12-07,1,36
3200,2023-12-08,1,36
3201,2023-12-08,1,36
3202,2023-12-08,1,36
3203,2023-12-08,1,36
3204,2023-12-08,1,36
3205,2023-12-08,1,36
3206,2023-12-08,1,36
3207,2023-12-08,1,36
3208,2023-12-08,1,36
3209,2023-12-08,1,36
3210,2023-12-08,1,36
3211,2023-12-08,1,36
3212,2023-12-08,1,36
3213,2023-12-08,1,36
3214,2023-12-08,1,36
3215,2023-12-08,1,36
3216,2023-12-08,1,36
3217,2023-12-08,1,36
3218,2023-12-08,1,36
3219,2023-12-08,1,36
3220,2023-12-08,1,36
3221,2023-12-08,1,36
3222,2023-12-08,1,36
3223,2023-12-08,1,36
3224,2023-12-08,1,36
3225,2023-12-08,1,36
3226,2023-12-08,1,36
3227,2023-12-08,1,36
3228,2023-12-08,1,36
3229,2023-12-08,1,36
3230,2023-12-08,1,36
3231,2023-12-08,1,36
3232,2023-12-08,1,36
3233,2023-12-08,1,36
3234,2023-12-08,1,36
3235,2023-12-08,1,36
3236,2023-12-08,1,36
3237,2023-12-08,1,36
3238,2023-12-08,1,36
3239,2023-12-08,1,36
3240,2023-12-08,1,37
3241,2023-12-08,1,37
3242,2023-12-08,1,37
3243,2023-12-08,1,37
3244,2023-12-08,1,37
3245,2023-12-08,1,37
3246,2023-12-08,1,37
3247,2023-12-08,1,37
3248,2023-12-08,1,37
3249,2023-12-08,1,37
3250,2023-12-09,1,37
3251,2023-12-09,1,37
3252,2023-12-09,1,37
3253,2023-12-09,1,37
3254,2023-12-09,1,37
3255,2023-12-09,1,37
3256,2023-12-09,1,37
3257,2023-12-09,1,37
3258,2023-12-09,1,37
3259,2023-12-09,1,37
3260,2023-12-09,1,37
3261,2023-12-09,1,37
3262,2023-12-09,1,37
3263,2023-12-09,1,37
3264,2023-12-09,1,37
3265,2023-12-09,1,37
3266,2023-12-09,1,37
3267,2023-12-09,1,37
3268,2023-12-09,1,37
3269,2023-12-09,1,37
3270,2023-12-09,1,37
3271,2023-12-09,1,37
3272,2023-12-09,1,37
3273,2023-12-09,1,37
3274,2023-12-09,1,37
3275,2023-12-09,1,37
3276,2023-12-09,1,37
3277,2023-12-09,1,37
3278,2023-12-09,1,37
3279,2023-12-09,1,37
3280,2023-12-09,1,37
3281,2023-12-09,1,37
3282,2023-12-09,1,37
3283,2023-12-09,1,37
3284,2023-12-09,1,37
3285,2023-12-09,1,37
3286,2023-12-09,1,37
3287,2023-12-09,1,37
3288,2023-12-09,1,37
3289,2023-12-09,1,37
3290,2023-12-09,1,37
3291,2023-12-09,1,37
3292,2023-12-09,1,37
3293,2023-12-09,1,37
3294,2023-12-09,1,37
3295,2023-12-09,1,37
3296,2023-12-09,1,37
3297,2023-12-09,1,37
3298,2023-12-09,1,37
3299,2023-12-09,1,37
3300,2023-12-10,1,37
3301,2023-12-10,1,37
3302,2023-12-10,1,37
3303,2023-12-10,1,37
3304,2023-12-10,1,37
3305,2023-12-10,1,37
3306,2023-12-10,1,37
3307,2023-12-10,1,37
3308,2023-12-10,1,37
3309,2023-12-10,1,37
3310,2023-12-10,1,37
3311,2023-12-10,1,37
3312,2023-12-10,1,37
3313,2023-12-10,1,37
3314,2023-12-10,1,37
3315,2023-12-10,1,37
3316,2023-12-10,1,37
3317,2023-12-10,1,37
3318,2023-12-10,1,37
3319,2023-12-10,1,37
3320,2023-12-10,1,37
3321,2023-12-10,1,37
3322,2023-12-10,1,37
3323,2023-12-10,1,37
3324,2023-12-10,1,37
3325,2023-12-10,1,37
3326,2023-12-10,1,37
3327,2023-12-10,1,37
3328,2023-12-10,1,37
3329,2023-12-10,1,37
3330,2023-12-10,1,38
3331,2023-12-10,1,38
3332,2023-12-10,1,38
3333,2023-12-10,1,38
3334,2023-12-10,1,38
3335,2023-12-10,1,38
3336,2023-12-10,1,38
3337,2023-12-10,1,38
3338,2023-12-10,1,38
3339,2023-12-10,1,38
3340,2023-12-10,1,38
3341,2023-12-10,1,38
3342,2023-12-10,1,38
3343,2023-12-10,1,38
3344,2023-12-10,1,38
3345,2023-12-10,1,38
3346,2023-12-10,1,38
3347,2023-12-10,1,38
3348,2023-12-10,1,38
3349,2023-12-10,1,38
3350,2023-12-11,1,38
3351,2023-12-11,1,38
3352,2023-12-11,1,38
3353,2023-12-11,1,38
3354,2023-12-11,1,38
3355,2023-12-11,1,38
3356,2023-12-11,1,38
3357,2023-12-11,1,38
3358,2023-12-11,1,38
3359,2023-12-11,1,38
3360,2023-12-11,1,38
3361,2023-12-11,1,38
3362,2023-12-11,1,38
3363,2023-12-11,1,38
3364,2023-12-11,1,38
3365,2023-12-11,1,38
3366,2023-12-11,1,38
3367,2023-12-11,1,38
3368,2023-12-11,1,38
3369,2023-12-11,1,38
3370,2023-12-11,1,38
3371,2023-12-11,1,38
3372,2023-12-11,1,38
3373,2023-12-11,1,38
3374,2023-12-11,1,38
3375,2023-12-11,1,38
3376,2023-12-11,1,38
3377,2023-12-11,1,38
3378,2023-12-11,1,38
3379,2023-12-11,1,38
3380,2023-12-11,1,38
3381,2023-12-11,1,38
3382,2023-12-11,1,38
3383,2023-12-11,1,38
3384,2023-12-11,1,38
3385,2023-12-11,1,38
3386,2023-12-11,1,38
3387,2023-12-11,1,38
3388,2023-12-11,1,38
3389,2023-12-11,1,38
3390,2023-12-11,1,38
3391,2023-12-11,1,38
3392,2023-12-11,1,38
3393,2023-12-11,1,38
3394,2023-12-11,1,38
3395,2023-12-11,1,38
3396,2023-12-11,1,38
3397,2023-12-11,1,38
3398,2023-12-11,1,38
3399,2023-12-11,1,38
3400,2023-12-12,1,38
3401,2023-12-12,1,38
3402,2023-12-12,1,38
3403,2023-12-12,1,38
3404,2023-12-12,1,38
3405,2023-12-12,1,38
3406,2023-12-12,1,38
3407,2023-12-12,1,38
3408,2023-12-12,1,38
3409,2023-12-12,1,38
3410,2023-12-12,1,38
3411,2023-12-12,1,38
3412,2023-12-12,1,38
3413,2023-12-12,1,38
3414,2023-12-12,1,38
3415,2023-12-12,1,38
3416,2023-12-12,1,38
3417,2023-12-12,1,38
3418,2023-12-12,1,38
3419,2023-12-12,1,38
3420,2023-12-12,1,39
3421,2023-12-12,1,39
3422,2023-12-12,1,39
3423,2023-12-12,1,39
3424,2023-12-12,1,39
3425,2023-12-12,1,39
3426,2023-12-12,1,39
3427,2023-12-12,1,39
3428,2023-12-12,1,39
3429,2023-12-12,1,39
3430,2023-12-12,1,39
3431,2023-12-12,1,39
3432,2023-12-12,1,39
3433,2023-12-12,1,39
3434,2023-12-12,1,39
3435,2023-12-12,1,39
3436,2023-12-12,1,39
3437,2023-12-12,1,39
3438,2023-12-12,1,39
3439,2023-12-12,1,39
3440,2023-12-12,1,39
3441,2023-12-12,1,39
3442,2023-12-12,1,39
3443,2023-12-12,1,39
3444,2023-12-12,1,39
3445,2023-12-12,1,39
3446,2023-12-12,1,39
3447,2023-12-12,1,39
3448,2023-12-12,1,39
3449,2023-12-12,1,39
3450,2023-12-13,1,39
3451,2023-12-13,1,39
3452,2023-12-13,1,39
3453,2023-12-13,1,39
3454,2023-12-13,1,39
3455,2023-12-13,1,39
3456,2023-12-13,1,39
3457,2023-12-13,1,39
3458,2023-12-13,1,39
3459,2023-12-13,1,39
3460,2023-12-13,1,39
3461,2023-12-13,1,39
3462,2023-12-13,1,39
3463,2023-12-13,1,39
3464,2023-12-13,1,39
3465,2023-12-13,1,39
3466,2023-12-13,1,39
3467,2023-12-13,1,39
3468,2023-12-13,1,39
3469,2023-12-13,1,39
3470,2023-12-13,1,39
3471,2023-12-13,1,39
3472,2023-12-13,1,39
3473,2023-12-13,1,39
3474,2023-12-13,1,39
3475,2023-12-13,1,39
3476,2023-12-13,1,39
3477,2023-12-13,1,39
3478,2023-12-13,1,39
3479,2023-12-13,1,39
3480,2023-12-13,1,39
3481,2023-12-13,1,39
3482,2023-12-13,1,39
3483,2023-12-13,1,39
3484,2023-12-13,1,39
3485,2023-12-13,1,39
3486,2023-12-13,1,39
3487,2023-12-13,1,39
3488,2023-12-13,1,39
3489,2023-12-13,1,39
3490,2023-12-13,1,39
3491,2023-12-13,1,39
3492,2023-12-13,1,39
3493,2023-12-13,1,39
3494,2023-12-13,1,39
3495,2023-12-13,1,39
3496,2023-12-13,1,39
3497,2023-12-13,1,39
3498,2023-12-13,1,39
3499,2023-12-13,1,39
3500,2023-12-14,1,39
3501,2023-12-14,1,39
3502,2023-12-14,1,39
3503,2023-12-14,1,39
3504,2023-12-14,1,39
3505,2023-12-14,1,39
3506,2023-12-14,1,39
3507,2023-12-14,1,39
3508,2023-12-14,1,39
3509,2023-12-14,1,39
3510,2023-12-14,1,40
3511,2023-12-14,1,40
3512,2023-12-14,1,40
3513,2023-12-14,1,40
3514,2023-12-14,1,40
3515,2023-12-14,1,40
3516,2023-12-14,1,40
3517,2023-12-14,1,40
3518,2023-12-14,1,40
3519,2023-12-14,1,40
3520,2023-12-14,1,40
3521,2023-12-14,1,40
3522,2023-12-14,1,40
3523,2023-12-14,1,40
3524,2023-12-14,1,40
3525,2023-12-14,1,40
3526,2023-12-14,1,40
3527,2023-12-14,1,40
3528,2023-12-14,1,40
3529,2023-12-14,1,40
3530,2023-12-14,1,40
3531,2023-12-14,1,40
3532,2023-12-14,1,40
3533,2023-12-14,1,40
3534,2023-12-14,1,40
3535,2023-12-14,1,40
3536,2023-12-14,1,40
3537,2023-12-14,1,40
3538,2023-12-14,1,40
3539,2023-12-14,1,40
3540,2023-12-14,1,40
3541,2023-12-14,1,40
3542,2023-12-14,1,40
3543,2023-12-14,1,40
3544,2023-12-14,1,40
3545,2023-12-14,1,40
3546,2023-12-14,1,40
3547,2023-12-14,1,40
3548,2023-12-14,1,40
3549,2023-12-14,1,40
3550,2023-12-15,1,40
3551,2023-12-15,1,40
3552,2023-12-15,1,40
3553,2023-12-15,1,40
3554,2023-12-15,1,40
3555,2023-12-15,1,40
3556,2023-12-15,1,40
3557,2023-12-15,1,40
3558,2023-12-15,1,40
3559,2023-12-15,1,40
3560,2023-12-15,1,40
3561,2023-12-15,1,40
3562,2023-12-15,1,40
3563,2023-12-15,1,40
3564,2023-12-15,1,40
3565,2023-12-15,1,40
3566,2023-12-15,1,40
3567,2023-12-15,1,40
3568,2023-12-15,1,40
3569,2023-12-15,1,40
3570,2023-12-15,1,40
3571,2023-12-15,1,40
3572,2023-12-15,1,40
3573,2023-12-15,1,40
3574,2023-12-15,1,40
3575,2023-12-15,1,40
3576,2023-12-15,1,40
3577,2023-12-15,1,40
3578,2023-12-15,1,40
3579,2023-12-15,1,40
3580,2023-12-15,1,40
3581,2023-12-15,1,40
3582,2023-12-15,1,40
3583,2023-12-15,1,40
3584,2023-12-15,1,40
3585,2023-12-15,1,40
3586,2023-12-15,1,40
3587,2023-12-15,1,40
3588,2023-12-15,1,40
3589,2023-12-15,1,40
3590,2023-12-15,1,40
3591,2023-12-15,1,40
3592,2023-12-15,1,40
3593,2023-12-15,1,40
3594,2023-12-15,1,40
3595,2023-12-15,1,40
3596,2023-12-15,1,40
3597,2023-12-15,1,40
3598,2023-12-15,1,40
3599,2023-12-15,1,40
3600,2023-12-16,1,41
3601,2023-12-16,1,41
3602,2023-12-16,1,41
3603,2023-12-16,1,41
3604,2023-12-16,1,41
3605,2023-12-16,1,41
3606,2023-12-16,1,41
3607,2023-12-16,1,41
3608,2023-12-16,1,41
3609,2023-12-16,1,41
3610,2023-12-16,1,41
3611,2023-12-16,1,41
3612,2023-12-16,1,41
3613,2023-12-16,1,41
3614,2023-12-16,1,41
3615,2023-12-16,1,41
3616,2023-12-16,1,41
3617,2023-12-16,1,41
3618,2023-12-16,1,41
3619,2023-12-16,1,41
3620,2023-12-16,1,41
3621,2023-12-16,1,41
3622,2023-12-16,1,41
3623,2023-12-16,1,41
3624,2023-12-16,1,41
3625,2023-12-16,1,41
3626,2023-12-16,1,41
3627,2023-12-16,1,41
3628,2023-12-16,1,41
3629,2023-12-16,1,41
3630,2023-12-16,1,41
3631,2023-12-16,1,41
3632,2023-12-16,1,41
3633,2023-12-16,1,41
3634,2023-12-16,1,41
3635,2023-12-16,1,41
3636,2023-12-16,1,41
3637,2023-12-16,1,41
3638,2023-12-16,1,41
3639,2023-12-16,1,41
3640,2023-12-16,1,41
3641,2023-12-16,1,41
3642,2023-12-16,1,41
3643,2023-12-16,1,41
3644,2023-12-16,1,41
3645,2023-12-16,1,41
3646,2023-12-16,1,41
3647,2023-12-16,1,41
3648,2023-12-16,1,41
3649,2023-12-16,1,41
3650,2023-12-17,1,41
3651,2023-12-17,1,41
3652,2023-12-17,1,41
3653,2023-12-17,1,41
3654,2023-12-17,1,41
3655,2023-12-17,1,41
3656,2023-12-17,1,41
3657,2023-12-17,1,41
3658,2023-12-17,1,41
3659,2023-12-17,1,41
3660,2023-12-17,1,41
3661,2023-12-17,1,41
3662,2023-12-17,1,41
3663,2023-12-17,1,41
3664,2023-12-17,1,41
3665,2023-12-17,1,41
3666,2023-12-17,1,41
3667,2023-12-17,1,41
3668,2023-12-17,1,41
3669,2023-12-17,1,41
3670,2023-12-17,1,41
3671,2023-12-17,1,41
3672,2023-12-17,1,41
3673,2023-12-17,1,41
3674,2023-12-17,1,41
3675,2023-12-17,1,41
3676,2023-12-17,1,41
3677,2023-12-17,1,41
3678,2023-12-17,1,41
3679,2023-12-17,1,41
3680,2023-12-17,1,41
3681,2023-12-17,1,41
3682,2023-12-17,1,41
3683,2023-12-17,1,41
3684,2023-12-17,1,41
3685,2023-12-17,1,41
3686,2023-12-17,1,41
3687,2023-12-17,1,41
3688,2023-12-17,1,41
3689,2023-12-17,1,41
3690,2023-12-17,1,42
3691,2023-12-17,1,42
3692,2023-12-17,1,42
3693,2023-12-17,1,42
3694,2023-12-17,1,42
3695,2023-12-17,1,42
3696,2023-12-17,1,42
3697,2023-12-17,1,42
3698,2023-12-17,1,42
3699,2023-12-17,1,42
3700,2023-12-18,1,42
3701,2023-12-18,1,42
3702,2023-12-18,1,42
3703,2023-12-18,1,42
3704,2023-12-18,1,42
3705,2023-12-18,1,42
3706,2023-12-18,1,42
3707,2023-12-18,1,42
3708,2023-12-18,1,42
3709,2023-12-18,1,42
3710,2023-12-18,1,42
3711,2023-12-18,1,42
3712,2023-12-18,1,42
3713,2023-12-18,1,42
3714,2023-12-18,1,42
3715,2023-12-18,1,42
3716,2023-12-18,1,42
3717,2023-12-18,1,42
3718,2023-12-18,1,42
3719,2023-12-18,1,42
3720,2023-12-18,1,42
3721,2023-12-18,1,42
3722,2023-12-18,1,42
3723,2023-12-18,1,42
3724,2023-12-18,1,42
3725,2023-12-18,1,42
3726,2023-12-18,1,42
3727,2023-12-18,1,42
3728,2023-12-18,1,42
3729,2023-12-18,1,42
3730,2023-12-18,1,42
3731,2023-12-18,1,42
3732,2023-12-18,1,42
3733,2023-12-18,1,42
3734,2023-12-18,1,42
3735,2023-12-18,1,42
3736,2023-12-18,1,42
3737,2023-12-18,1,42
3738,2023-12-18,1,42
3739,2023-12-18,1,42
3740,2023-12-18,1,42
3741,2023-12-18,1,42
3742,2023-12-18,1,42
3743,2023-12-18,1,42
3744,2023-12-18,1,42
3745,2023-12-18,1,42
3746,2023-12-18,1,42
3747,2023-12-18,1,42
3748,2023-12-18,1,42
3749,2023-12-18,1,42
3750,2023-12-19,1,42
3751,2023-12-19,1,42
3752,2023-12-19,1,42
3753,2023-12-19,1,42
3754,2023-12-19,1,42
3755,2023-12-19,1,42
3756,2023-12-19,1,42
3757,2023-12-19,1,42
3758,2023-12-19,1,42
3759,2023-12-19,1,42
3760,2023-12-19,1,42
3761,2023-12-19,1,42
3762,2023-12-19,1,42
3763,2023-12-19,1,42
3764,2023-12-19,1,42
3765,2023-12-19,1,42
3766,2023-12-19,1,42
3767,2023-12-19,1,42
3768,2023-12-19,1,42
3769,2023-12-19,1,42
3770,2023-12-19,1,42
3771,2023-12-19,1,42
3772,2023-12-19,1,42
3773,2023-12-19,1,42
3774,2023-12-19,1,42
3775,2023-12-19,1,42
3776,2023-12-19,1,42
3777,2023-12-19,1,42
3778,2023-12-19,1,42
3779,2023-12-19,1,42
3780,2023-12-19,1,43
3781,2023-12-19,1,43
3782,2023-12-19,1,43
3783,2023-12-19,1,43
3784,2023-12-19,1,43
3785,2023-12-19,1,43
3786,2023-12-19,1,43
3787,2023-12-19,1,43
3788,2023-12-19,1,43
3789,2023-12-19,1,43
3790,2023-12-19,1,43
3791,2023-12-19,1,43
3792,2023-12-19,1,43
3793,2023-12-19,1,43
3794,2023-12-19,1,43
3795,2023-12-19,1,43
3796,2023-12-19,1,43
3797,2023-12-19,1,43
3798,2023-12-19,1,43
3799,2023-12-19,1,43
3800,2023-12-20,1,43
3801,2023-12-20,1,43
3802,2023-12-20,1,43
3803,2023-12-20,1,43
3804,2023-12-20,1,43
3805,2023-12-20,1,43
3806,2023-12-20,1,43
3807,2023-12-20,1,43
3808,2023-12-20,1,43
3809,2023-12-20,1,43
3810,2023-12-20,1,43
3811,2023-12-20,1,43
3812,2023-12-20,1,43
3813,2023-12-20,1,43
3814,2023-12-20,1,43
3815,2023-12-20,1,43
3816,2023-12-20,1,43
3817,2023-12-20,1,43
3818,2023-12-20,1,43
3819,2023-12-20,1,43
3820,2023-12-20,1,43
3821,2023-12-20,1,43
3822,2023-12-20,1,43
3823,2023-12-20,1,43
3824,2023-12-20,1,43
3825,2023-12-20,1,43
3826,2023-12-20,1,43
3827,2023-12-20,1,43
3828,2023-12-20,1,43
3829,2023-12-20,1,43
3830,2023-12-20,1,43
3831,2023-12-20,1,43
3832,2023-12-20,1,43
3833,2023-12-20,1,43
3834,2023-12-20,1,43
3835,2023-12-20,1,43
3836,2023-12-20,1,43
3837,2023-12-20,1,43
3838,2023-12-20,1,43
3839,2023-12-20,1,43
3840,2023-12-20,1,43
3841,2023-12-20,1,43
3842,2023-12-20,1,43
3843,2023-12-20,1,43
3844,2023-12-20,1,43
3845,2023-12-20,1,43
3846,2023-12-20,1,43
3847,2023-12-20,1,43
3848,2023-12-20,1,43
3849,2023-12-20,1,43
3850,2023-12-21,1,43
3851,2023-12-21,1,43
3852,2023-12-21,1,43
3853,2023-12-21,1,43
3854,2023-12-21,1,43
3855,2023-12-21,1,43
3856,2023-12-21,1,43
3857,2023-12-21,1,43
3858,2023-12-21,1,43
3859,2023-12-21,1,43
3860,2023-12-21,1,43
3861,2023-12-21,1,43
3862,2023-12-21,1,43
3863,2023-12-21,1,43
3864,2023-12-21,1,43
3865,2023-12-21,1,43
3866,2023-12-21,1,43
3867,2023-12-21,1,43
3868,2023-12-21,1,43
3869,2023-12-21,1,43
3870,2023-12-21,1,44
3871,2023-12-21,1,44
3872,2023-12-21,1,44
3873,2023-12-21,1,44
3874,2023-12-21,1,44
3875,2023-12-21,1,44
3876,2023-12-21,1,44
3877,2023-12-21,1,44
3878,2023-12-21,1,44
3879,2023-12-21,1,44
3880,2023-12-21,1,44
3881,2023-12-21,1,44
3882,2023-12-21,1,44
3883,2023-12-21,1,44
3884,2023-12-21,1,44
3885,2023-12-21,1,44
3886,2023-12-21,1,44
3887,2023-12-21,1,44
3888,2023-12-21,1,44
3889,2023-12-21,1,44
3890,2023-12-21,1,44
3891,2023-12-21,1,44
3892,2023-12-21,1,44
3893,2023-12-21,1,44
3894,2023-12-21,1,44
3895,2023-12-21,1,44
3896,2023-12-21,1,44
3897,2023-12-21,1,44
3898,2023-12-21,1,44
3899,2023-12-21,1,44
3900,2023-12-22,1,44
3901,2023-12-22,1,44
3902,2023-12-22,1,44
3903,2023-12-22,1,44
3904,2023-12-22,1,44
3905,2023-12-22,1,44
3906,2023-12-22,1,44
3907,2023-12-22,1,44
3908,2023-12-22,1,44
3909,2023-12-22,1,44
3910,2023-12-22,1,44
3911,2023-12-22,1,44
3912,2023-12-22,1,44
3913,2023-12-22,1,44
3914,2023-12-22,1,44
3915,2023-12-22,1,44
3916,2023-12-22,1,44
3917,2023-12-22,1,44
3918,2023-12-22,1,44
3919,2023-12-22,1,44
3920,2023-12-22,1,44
3921,2023-12-22,1,44
3922,2023-12-22,1,44
3923,2023-12-22,1,44
3924,2023-12-22,1,44
3925,2023-12-22,1,44
3926,2023-12-22,1,44
3927,2023-12-22,1,44
3928,2023-12-22,1,44
3929,2023-12-22,1,44
3930,2023-12-22,1,44
3931,2023-12-22,1,44
3932,2023-12-22,1,44
3933,2023-12-22,1,44
3934,2023-12-22,1,44
3935,2023-12-22,1,44
3936,2023-12-22,1,44
3937,2023-12-22,1,44
3938,2023-12-22,1,44
3939,2023-12-22,1,44
3940,2023-12-22,1,44
3941,2023-12-22,1,44
3942,2023-12-22,1,44
3943,2023-12-22,1,44
3944,2023-12-22,1,44
3945,2023-12-22,1,44
3946,2023-12-22,1,44
3947,2023-12-22,1,44
3948,2023-12-22,1,44
3949,2023-12-22,1,44
3950,2023-12-23,1,44
3951,2023-12-23,1,44
3952,2023-12-23,1,44
3953,2023-12-23,1,44
3954,2023-12-23,1,44
3955,2023-12-23,1,44
3956,2023-12-23,1,44
3957,2023-12-23,1,44
3958,2023-12-23,1,44
3959,2023-12-23,1,44
3960,2023-12-23,1,45
3961,2023-12-23,1,45
3962,2023-12-23,1,45
3963,2023-12-23,1,45
3964,2023-12-23,1,45
3965,2023-12-23,1,45
3966,2023-12-23,1,45
3967,2023-12-23,1,45
3968,2023-12-23,1,45
3969,2023-12-23,1,45
3970,2023-12-23,1,45
3971,2023-12-23,1,45
3972,2023-12-23,1,45
3973,2023-12-23,1,45
3974,2023-12-23,1,45
3975,2023-12-23,1,45
3976,2023-12-23,1,45
3977,2023-12-23,1,45
3978,2023-12-23,1,45
3979,2023-12-23,1,45
3980,2023-12-23,1,45
3981,2023-12-23,1,45
3982,2023-12-23,1,45
3983,2023-12-23,1,45
3984,2023-12-23,1,45
3985,2023-12-23,1,45
3986,2023-12-23,1,45
3987,2023-12-23,1,45
3988,2023-12-23,1,45
3989,2023-12-23,1,45
3990,2023-12-23,1,45
3991,2023-12-23,1,45
3992,2023-12-23,1,45
3993,2023-12-23,1,45
3994,2023-12-23,1,45
3995,2023-12-23,1,45
3996,2023-12-23,1,45
3997,2023-12-23,1,45
3998,2023-12-23,1,45
3999,2023-12-23,1,45
4000,2023-12-24,1,45
4001,2023-12-24,1,45
4002,2023-12-24,1,45
4003,2023-12-24,1,45
4004,2023-12-24,1,45
4005,2023-12-24,1,45
4006,2023-12-24,1,45
4007,2023-12-24,1,45
4008,2023-12-24,1,45
4009,2023-12-24,1,45
4010,2023-12-24,1,45
4011,2023-12-24,1,45
4012,2023-12-24,1,45
4013,2023-12-24,1,45
4014,2023-12-24,1,45
4015,2023-12-24,1,45
4016,2023-12-24,1,45
4017,2023-12-24,1,45
4018,2023-12-24,1,45
4019,2023-12-24,1,45
4020,2023-12-24,1,45
4021,2023-12-24,1,45
4022,2023-12-24,1,45
4023,2023-12-24,1,45
4024,2023-12-24,1,45
4025,2023-12-24,1,45
4026,2023-12-24,1,45
4027,2023-12-24,1,45
4028,2023-12-24,1,45
4029,2023-12-24,1,45
4030,2023-12-24,1,45
4031,2023-12-24,1,45
4032,2023-12-24,1,45
4033,2023-12-24,1,45
4034,2023-12-24,1,45
4035,2023-12-24,1,45
4036,2023-12-24,1,45
4037,2023-12-24,1,45
4038,2023-12-24,1,45
4039,2023-12-24,1,45
4040,2023-12-24,1,45
4041,2023-12-24,1,45
4042,2023-12-24,1,45
4043,2023-12-24,1,45
4044,2023-12-24,1,45
4045,2023-12-24,1,45
4046,2023-12-24,1,45
4047,2023-12-24,1,45
4048,2023-12-24,1,45
4049,2023-12-24,1,45
4050,2023-12-25,1,46
4051,2023-12-25,1,46
4052,2023-12-25,1,46
4053,2023-12-25,1,46
4054,2023-12-25,1,46
4055,2023-12-25,1,46
4056,2023-12-25,1,46
4057,2023-12-25,1,46
4058,2023-12-25,1,46
4059,2023-12-25,1,46
4060,2023-12-25,1,46
4061,2023-12-25,1,46
4062,2023-12-25,1,46
4063,2023-12-25,1,46
4064,2023-12-25,1,46
4065,2023-12-25,1,46
4066,2023-12-25,1,46
4067,2023-12-25,1,46
4068,2023-12-25,1,46
4069,2023-12-25,1,46
4070,2023-12-25,1,46
4071,2023-12-25,1,46
4072,2023-12-25,1,46
4073,2023-12-25,1,46
4074,2023-12-25,1,46
4075,2023-12-25,1,46
4076,2023-12-25,1,46
4077,2023-12-25,1,46
4078,2023-12-25,1,46
4079,2023-12-25,1,46
4080,2023-12-25,1,46
4081,2023-12-25,1,46
4082,2023-12-25,1,46
4083,2023-12-25,1,46
4084,2023-12-25,1,46
4085,2023-12-25,1,46
4086,2023-12-25,1,46
4087,2023-12-25,1,46
4088,2023-12-25,1,46
4089,2023-12-25,1,46
4090,2023-12-25,1,46
4091,2023-12-25,1,46
4092,2023-12-25,1,46
4093,2023-12-25,1,46
4094,2023-12-25,1,46
4095,2023-12-25,1,46
4096,2023-12-25,1,46
4097,2023-12-25,1,46
4098,2023-12-25,1,46
4099,2023-12-25,1,46
4100,2023-12-26,1,46
4101,2023-12-26,1,46
4102,2023-12-26,1,46
4103,2023-12-26,1,46
4104,2023-12-26,1,46
4105,2023-12-26,1,46
4106,2023-12-26,1,46
4107,2023-12-26,1,46
4108,2023-12-26,1,46
4109,2023-12-26,1,46
4110,2023-12-26,1,46
4111,2023-12-26,1,46
4112,2023-12-26,1,46
4113,2023-12-26,1,46
4114,2023-12-26,1,46
4115,2023-12-26,1,46
4116,2023-12-26,1,46
4117,2023-12-26,1,46
4118,2023-12-26,1,46
4119,2023-12-26,1,46
4120,2023-12-26,1,46
4121,2023-12-26,1,46
4122,2023-12-26,1,46
4123,2023-12-26,1,46
4124,2023-12-26,1,46
4125,2023-12-26,1,46
4126,2023-12-26,1,46
4127,2023-12-26,1,46
4128,2023-12-26,1,46
4129,2023-12-26,1,46
4130,2023-12-26,1,46
4131,2023-12-26,1,46
4132,2023-12-26,1,46
4133,2023-12-26,1,46
4134,2023-12-26,1,46
4135,2023-12-26,1,46
4136,2023-12-26,1,46
4137,2023-12-26,1,46
4138,2023-12-26,1,46
4139,2023-12-26,1,46
4140,2023-12-26,1,47
4141,2023-12-26,1,47
4142,2023-12-26,1,47
4143,2023-12-26,1,47
4144,2023-12-26,1,47
4145,2023-12-26,1,47
4146,2023-12-26,1,47
4147,2023-12-26,1,47
4148,2023-12-26,1,47
4149,2023-12-26,1,47
4150,2023-12-27,1,47
4151,2023-12-27,1,47
4152,2023-12-27,1,47
4153,2023-12-27,1,47
4154,2023-12-27,1,47
4155,2023-12-27,1,47
4156,2023-12-27,1,47
4157,2023-12-27,1,47
4158,2023-12-27,1,47
4159,2023-12-27,1,47
4160,2023-12-27,1,47
4161,2023-12-27,1,47
4162,2023-12-27,1,47
4163,2023-12-27,1,47
4164,2023-12-27,1,47
4165,2023-12-27,1,47
4166,2023-12-27,1,47
4167,2023-12-27,1,47
4168,2023-12-27,1,47
4169,2023-12-27,1,47
4170,2023-12-27,1,47
4171,2023-12-27,1,47
4172,2023-12-27,1,47
4173,2023-12-27,1,47
4174,2023-12-27,1,47
4175,2023-12-27,1,47
4176,2023-12-27,1,47
4177,2023-12-27,1,47
4178,2023-12-27,1,47
4179,2023-12-27,1,47
4180,2023-12-27,1,47
4181,2023-12-27,1,47
4182,2023-12-27,1,47
4183,2023-12-27,1,47
4184,2023-12-27,1,47
4185,2023-12-27,1,47
4186,2023-12-27,1,47
4187,2023-12-27,1,47
4188,2023-12-27,1,47
4189,2023-12-27,1,47
4190,2023-12-27,1,47
4191,2023-12-27,1,47
4192,2023-12-27,1,47
4193,2023-12-27,1,47
4194,2023-12-27,1,47
4195,2023-12-27,1,47
4196,2023-12-27,1,47
4197,2023-12-27,1,47
4198,2023-12-27,1,47
4199,2023-12-27,1,47
4200,2023-12-28,1,47
4201,2023-12-28,1,47
4202,2023-12-28,1,47
4203,2023-12-28,1,47
4204,2023-12-28,1,47
4205,2023-12-28,1,47
4206,2023-12-28,1,47
4207,2023-12-28,1,47
4208,2023-12-28,1,47
4209,2023-12-28,1,47
4210,2023-12-28,1,47
4211,2023-12-28,1,47
4212,2023-12-28,1,47
4213,2023-12-28,1,47
4214,2023-12-28,1,47
4215,2023-12-28,1,47
4216,2023-12-28,1,47
4217,2023-12-28,1,47
4218,2023-12-28,1,47
4219,2023-12-28,1,47
4220,2023-12-28,1,47
4221,2023-12-28,1,47
4222,2023-12-28,1,47
4223,2023-12-28,1,47
4224,2023-12-28,1,47
4225,2023-12-28,1,47
4226,2023-12-28,1,47
4227,2023-12-28,1,47
4228,2023-12-28,1,47
4229,2023-12-28,1,47
4230,2023-12-28,1,48
4231,2023-12-28,1,48
4232,2023-12-28,1,48
4233,2023-12-28,1,48
4234,2023-12-28,1,48
4235,2023-12-28,1,48
4236,2023-12-28,1,48
4237,2023-12-28,1,48
4238,2023-12-28,1,48
4239,2023-12-28,1,48
4240,2023-12-28,1,48
4241,2023-12-28,1,48
4242,2023-12-28,1,48
4243,2023-12-28,1,48
4244,2023-12-28,1,48
4245,2023-12-28,1,48
4246,2023-12-28,1,48
4247,2023-12-28,1,48
4248,2023-12-28,1,48
4249,2023-12-28,1,48
4250,2023-12-29,1,48
4251,2023-12-29,1,48
4252,2023-12-29,1,48
4253,2023-12-29,1,48
4254,2023-12-29,1,48
4255,2023-12-29,1,48
4256,2023-12-29,1,48
4257,2023-12-29,1,48
4258,2023-12-29,1,48
4259,2023-12-29,1,48
4260,2023-12-29,1,48
4261,2023-12-29,1,48
4262,2023-12-29,1,48
4263,2023-12-29,1,48
4264,2023-12-29,1,48
4265,2023-12-29,1,48
4266,2023-12-29,1,48
4267,2023-12-29,1,48
4268,2023-12-29,1,48
4269,2023-12-29,1,48
4270,2023-12-29,1,48
4271,2023-12-29,1,48
4272,2023-12-29,1,48
4273,2023-12-29,1,48
4274,2023-12-29,1,48
4275,2023-12-29,1,48
4276,2023-12-29,1,48
4277,2023-12-29,1,48
4278,2023-12-29,1,48
4279,2023-12-29,1,48
4280,2023-12-29,1,48
4281,2023-12-29,1,48
4282,2023-12-29,1,48
4283,2023-12-29,1,48
4284,2023-12-29,1,48
4285,2023-12-29,1,48
4286,2023-12-29,1,48
4287,2023-12-29,1,48
4288,2023-12-29,1,48
4289,2023-12-29,1,48
4290,2023-12-29,1,48
4291,2023-12-29,1,48
4292,2023-12-29,1,48
4293,2023-12-29,1,48
4294,2023-12-29,1,48
4295,2023-12-29,1,48
4296,2023-12-29,1,48
4297,2023-12-29,1,48
4298,2023-12-29,1,48
4299,2023-12-29,1,48
4300,2023-12-30,1,48
4301,2023-12-30,1,48
4302,2023-12-30,1,48
4303,2023-12-30,1,48
4304,2023-12-30,1,48
4305,2023-12-30,1,48
4306,2023-12-30,1,48
4307,2023-12-30,1,48
4308,2023-12-30,1,48
4309,2023-12-30,1,48
4310,2023-12-30,1,48
4311,2023-12-30,1,48
4312,2023-12-30,1,48
4313,2023-12-30,1,48
4314,2023-12-30,1,48
4315,2023-12-30,1,48
4316,2023-12-30,1,48
4317,2023-12-30,1,48
4318,2023-12-30,1,48
4319,2023-12-30,1,48
4320,2023-12-30,1,49
4321,2023-12-30,1,49
4322,2023-12-30,1,49
4323,2023-12-30,1,49
4324,2023-12-30,1,49
4325,2023-12-30,1,49
4326,2023-12-30,1,49
4327,2023-12-30,1,49
4328,2023-12-30,1,49
4329,2023-12-30,1,49
4330,2023-12-30,1,49
4331,2023-12-30,1,49
4332,2023-12-30,1,49
4333,2023-12-30,1,49
4334,2023-12-30,1,49
4335,2023-12-30,1,49
4336,2023-12-30,1,49
4337,2023-12-30,1,49
4338,2023-12-30,1,49
4339,2023-12-30,1,49
4340,2023-12-30,1,49
4341,2023-12-30,1,49
4342,2023-12-30,1,49
4343,2023-12-30,1,49
4344,2023-12-30,1,49
4345,2023-12-30,1,49
4346,2023-12-30,1,49
4347,2023-12-30,1,49
4348,2023-12-30,1,49
4349,2023-12-30,1,49
4350,2023-12-31,1,49
4351,2023-12-31,1,49
4352,2023-12-31,1,49
4353,2023-12-31,1,49
4354,2023-12-31,1,49
4355,2023-12-31,1,49
4356,2023-12-31,1,49
4357,2023-12-31,1,49
4358,2023-12-31,1,49
4359,2023-12-31,1,49
4360,2023-12-31,1,49
4361,2023-12-31,1,49
4362,2023-12-31,1,49
4363,2023-12-31,1,49
4364,2023-12-31,1,49
4365,2023-12-31,1,49
4366,2023-12-31,1,49
4367,2023-12-31,1,49
4368,2023-12-31,1,49
4369,2023-12-31,1,49
4370,2023-12-31,1,49
4371,2023-12-31,1,49
4372,2023-12-31,1,49
4373,2023-12-31,1,49
4374,2023-12-31,1,49
4375,2023-12-31,1,49
4376,2023-12-31,1,49
4377,2023-12-31,1,49
4378,2023-12-31,1,49
4379,2023-12-31,1,49
4380,2023-12-31,1,49
4381,2023-12-31,1,49
4382,2023-12-31,1,49
4383,2023-12-31,1,49
4384,2023-12-31,1,49
4385,2023-12-31,1,49
4386,2023-12-31,1,49
4387,2023-12-31,1,49
4388,2023-12-31,1,49
4389,2023-12-31,1,49
4390,2023-12-31,1,49
4391,2023-12-31,1,49
4392,2023-12-31,1,49
4393,2023-12-31,1,49
4394,2023-12-31,1,49
4395,2023-12-31,1,49
4396,2023-12-31,1,49
4397,2023-12-31,1,49
4398,2023-12-31,1,49
4399,2023-12-31,1,49
4400,2024-01-01,1,49
4401,2024-01-01,1,49
4402,2024-01-01,1,49
4403,2024-01-01,1,49
4404,2024-01-01,1,49
4405,2024-01-01,1,49
4406,2024-01-01,1,49
4407,2024-01-01,1,49
4408,2024-01-01,1,49
4409,2024-01-01,1,49
4410,2024-01-01,1,50
4411,2024-01-01,1,50
4412,2024-01-01,1,50
4413,2024-01-01,1,50
4414,2024-01-01,1,50
4415,2024-01-01,1,50
4416,2024-01-01,1,50
4417,2024-01-01,1,50
4418,2024-01-01,1,50
4419,2024-01-01,1,50
4420,2024-01-01,1,50
4421,2024-01-01,1,50
4422,2024-01-01,1,50
4423,2024-01-01,1,50
4424,2024-01-01,1,50
4425,2024-01-01,1,50
4426,2024-01-01,1,50
4427,2024-01-01,1,50
4428,2024-01-01,1,50
4429,2024-01-01,1,50
4430,2024-01-01,1,50
4431,2024-01-01,1,50
4432,2024-01-01,1,50
4433,2024-01-01,1,50
4434,2024-01-01,1,50
4435,2024-01-01,1,50
4436,2024-01-01,1,50
4437,2024-01-01,1,50
4438,2024-01-01,1,50
4439,2024-01-01,1,50
4440,2024-01-01,1,50
4441,2024-01-01,1,50
4442,2024-01-01,1,50
4443,2024-01-01,1,50
4444,2024-01-01,1,50
4445,2024-01-01,1,50
4446,2024-01-01,1,50
4447,2024-01-01,1,50
4448,2024-01-01,1,50
4449,2024-01-01,1,50
4450,2024-01-02,1,50
4451,2024-01-02,1,50
4452,2024-01-02,1,50
4453,2024-01-02,1,50
4454,2024-01-02,1,50
4455,2024-01-02,1,50
4456,2024-01-02,1,50
4457,2024-01-02,1,50
4458,2024-01-02,1,50
4459,2024-01-02,1,50
4460,2024-01-02,1,50
4461,2024-01-02,1,50
4462,2024-01-02,1,50
4463,2024-01-02,1,50
4464,2024-01-02,1,50
4465,2024-01-02,1,50
4466,2024-01-02,1,50
4467,2024-01-02,1,50
4468,2024-01-02,1,50
4469,2024-01-02,1,50
4470,2024-01-02,1,50
4471,2024-01-02,1,50
4472,2024-01-02,1,50
4473,2024-01-02,1,50
4474,2024-01-02,1,50
4475,2024-01-02,1,50
4476,2024-01-02,1,50
4477,2024-01-02,1,50
4478,2024-01-02,1,50
4479,2024-01-02,1,50
4480,2024-01-02,1,50
4481,2024-01-02,1,50
4482,2024-01-02,1,50
4483,2024-01-02,1,50
4484,2024-01-02,1,50
4485,2024-01-02,1,50
4486,2024-01-02,1,50
4487,2024-01-02,1,50
4488,2024-01-02,1,50
4489,2024-01-02,1,50
4490,2024-01-02,1,50
4491,2024-01-02,1,50
4492,2024-01-02,1,50
4493,2024-01-02,1,50
4494,2024-01-02,1,50
4495,2024-01-02,1,50
4496,2024-01-02,1,50
4497,2024-01-02,1,50
4498,2024-01-02,1,50
4499,2024-01-02,1,50
